Date,AZ-Phoenix,CA-Los Angeles,CA-San Diego,CA-San Francisco,CO-Denver,DC-Washington,FL-Miami,FL-Tampa,GA-Atlanta,IL-Chicago,MA-Boston,MI-Detroit,MN-Minneapolis,NC-Charlotte,NV-Las Vegas,NY-New York,OH-Cleveland,OR-Portland,TX-Dallas,WA-Seattle,Composite-10,Composite-20,National-US
31778.0,,59.43,54.79,46.96,50.35,64.41,68.55,77.44,,54.21,70.27,,,63.56,66.42,74.68,54.06,41.3,,,63.1,,63.99
31809.0,,59.89,55.22,47.3,50.16,65.13,68.92,78.1,,55.23,70.64,,,64.03,67.57,76.04,54.23,41.44,,,63.8,,64.45
31837.0,,60.4,55.49,47.84,50.38,66.0,69.39,77.69,,54.81,71.05,,,64.11,67.85,77.24,54.37,41.42,,,64.43,,64.76
31868.0,,61.32,56.05,47.98,50.74,66.64,69.46,77.82,,54.8,71.41,,,64.89,68.19,78.28,54.16,41.27,,,65.06,,65.16
31898.0,,62.03,56.46,48.31,50.76,67.44,69.75,77.97,,55.48,71.88,,,65.22,67.93,79.68,54.73,41.4,,,65.82,,65.59
31929.0,,62.78,56.79,48.61,50.43,68.52,69.47,78.68,,56.06,72.3,,,65.56,66.8,80.84,54.88,41.43,,,66.48,,66.09
31959.0,,63.46,57.08,49.08,50.2,69.39,69.64,78.99,,57.11,72.62,,,65.72,65.76,81.7,55.29,41.56,,,67.12,,66.52
31990.0,,64.13,57.38,49.54,50.12,70.25,69.8,78.95,,57.61,73.16,,,65.87,65.03,82.22,55.44,41.6,,,67.71,,66.95
32021.0,,64.89,57.84,50.24,50.06,71.4,70.57,79.04,,58.27,73.75,,,66.27,65.28,82.38,55.84,41.54,,,68.35,,67.34
32051.0,,65.77,58.3,50.99,50.15,72.32,71.02,78.87,,59.01,74.01,,,66.59,65.51,83.16,56.13,41.63,,,68.99,,67.76
32082.0,,66.71,58.9,51.64,49.73,73.16,71.42,79.02,,59.71,74.42,,,67.12,66.53,83.68,56.46,41.57,,,69.57,,68.12
32112.0,,67.78,59.4,52.23,49.85,73.59,71.46,79.36,,61.08,74.58,,,67.38,66.49,84.5,56.61,41.8,,,70.31,,68.53
32143.0,,68.78,60.02,52.7,49.55,74.4,71.68,79.5,,61.97,74.66,,,67.78,66.7,84.32,56.99,41.84,,,70.76,,68.88
32174.0,,69.71,60.49,53.2,49.49,75.29,71.83,79.43,,63.45,74.59,,,67.53,66.43,84.49,57.22,41.66,,,71.24,,69.28
32203.0,,70.7,61.28,53.87,49.06,76.39,72.35,79.24,,64.51,74.48,,,67.96,66.76,84.48,57.9,42.24,,,71.74,,69.66
32234.0,,71.48,61.44,54.53,48.74,77.3,72.72,79.66,,65.15,74.53,,,67.93,67.43,84.69,58.07,42.43,,,72.2,,69.99
32264.0,,72.48,61.85,56.07,48.35,78.38,73.1,79.95,,65.57,74.81,,,67.99,67.58,84.76,58.26,42.74,,,72.76,,70.43
32295.0,,74.39,61.44,57.88,48.17,79.34,73.71,80.18,,66.46,75.0,,,68.13,67.53,84.6,58.96,42.71,,,73.5,,70.89
32325.0,,76.92,64.59,58.17,48.22,80.78,74.11,80.51,,66.55,75.03,,,68.57,67.65,84.5,59.22,42.84,,,74.34,,71.36
32356.0,,78.67,65.29,58.5,48.25,81.93,74.68,80.71,,67.75,74.84,,,69.42,67.95,84.59,59.63,43.2,,,75.09,,71.81
32387.0,,80.61,66.08,58.94,48.21,83.16,75.25,80.63,,68.02,74.71,,,69.71,68.46,84.58,59.89,43.43,,,75.82,,72.25
32417.0,,82.38,67.18,59.95,48.03,83.67,75.6,80.73,,69.03,74.6,,,69.89,68.46,84.48,60.34,43.74,,,76.43,,72.65
32448.0,,84.41,68.43,61.11,47.75,84.63,75.96,80.61,,68.65,74.64,,,69.64,68.14,84.49,60.73,43.95,,,77.08,,73.08
32478.0,,85.82,69.83,62.47,47.44,85.93,76.22,80.9,,68.51,74.7,,,69.85,67.83,84.38,61.31,44.21,,,77.68,,73.48
32509.0,67.57,87.47,71.17,63.29,47.47,86.87,76.58,80.56,,68.33,74.52,,63.49,69.92,68.78,84.48,62.0,44.48,,,78.33,,73.96
32540.0,67.62,88.77,72.76,64.06,47.45,87.8,76.99,80.99,,69.01,75.17,,63.15,70.33,69.64,84.27,62.07,44.8,,,78.9,,74.39
32568.0,67.92,91.15,74.48,65.56,47.53,88.62,77.18,81.61,,70.07,75.55,,62.69,70.62,70.48,84.19,62.17,45.0,,,79.82,,74.79
32599.0,67.97,93.01,75.81,66.7,47.47,89.33,77.55,81.97,,70.65,75.39,,63.08,70.88,70.0,83.88,61.97,45.35,,,80.44,,75.09
32629.0,68.07,94.57,77.05,67.7,47.6,89.78,77.57,82.35,,70.51,75.04,,63.18,71.22,69.79,83.49,62.64,45.61,,,80.83,,75.31
32660.0,67.7,95.51,78.14,68.78,47.61,90.2,77.81,81.96,,70.52,74.52,,63.74,71.48,71.55,82.95,62.83,46.02,,,81.07,,75.48
32690.0,67.34,96.25,79.03,69.59,47.5,90.71,78.04,81.87,,70.33,74.18,,63.56,71.66,71.77,82.17,63.27,46.26,,,81.14,,75.66
32721.0,66.95,96.66,80.1,70.72,47.48,91.37,78.26,81.24,,70.37,73.44,,63.8,71.61,72.39,81.94,63.88,46.59,,,81.4,,75.84
32752.0,66.82,97.2,81.1,71.59,47.6,91.93,78.25,81.67,,70.18,73.01,,63.89,71.68,72.79,81.54,64.31,46.93,,,81.62,,76.06
32782.0,66.56,97.88,82.06,72.43,47.9,92.19,78.38,81.94,,70.06,72.72,,64.12,71.82,73.46,81.79,64.72,47.35,,,81.94,,76.29
32813.0,66.49,99.0,82.71,73.02,48.11,92.38,78.32,82.3,,69.87,72.99,,64.4,72.29,74.26,81.55,64.57,47.76,,,82.23,,76.52
32843.0,66.5,99.77,83.57,73.39,48.21,92.84,78.72,82.15,,69.68,73.0,,64.39,72.58,74.86,81.34,65.2,48.71,,,82.47,,76.71
32874.0,66.58,100.47,84.08,73.64,48.24,93.36,79.17,82.43,,69.36,73.1,,64.22,72.84,75.56,81.04,65.37,49.65,,58.89,82.65,,76.9
32905.0,66.7,100.76,84.74,73.82,48.36,93.66,79.67,82.74,,68.7,72.87,,64.01,73.01,75.64,80.98,65.98,50.57,,60.96,82.73,,77.05
32933.0,66.64,100.99,85.13,74.6,48.5,93.61,79.53,83.12,,68.9,72.19,,64.23,73.16,76.6,80.81,66.3,50.77,,62.95,82.76,,77.2
32964.0,66.78,100.99,85.55,75.07,48.52,93.59,79.44,82.75,,69.48,71.65,,64.47,73.46,77.27,80.21,66.92,51.46,,65.46,82.68,,77.28
32994.0,66.59,100.39,85.74,75.02,48.47,93.11,79.68,82.72,,70.0,70.69,,64.6,73.6,77.85,79.55,67.06,52.07,,66.55,82.33,,77.3
33025.0,66.6,100.11,85.75,74.59,48.58,92.63,79.86,82.44,,70.25,69.99,,64.58,74.04,78.73,78.93,67.61,53.39,,67.42,81.99,,77.26
33055.0,66.4,99.51,85.59,74.05,48.66,92.23,80.03,82.63,,70.66,69.36,,64.34,73.92,79.65,78.3,67.92,54.43,,67.58,81.57,,77.14
33086.0,66.26,99.05,85.34,73.75,48.67,91.84,79.87,82.43,,70.58,68.9,,64.08,73.99,80.58,77.55,68.24,55.56,,67.85,81.17,,77.0
33117.0,65.94,98.43,85.22,73.48,48.76,91.43,79.67,82.08,,70.94,68.6,,64.15,73.89,81.0,76.68,68.38,56.63,,67.51,80.77,,76.84
33147.0,65.81,98.0,84.92,72.91,48.67,91.26,79.44,81.67,,70.72,68.08,,64.42,73.92,81.55,76.31,68.47,57.01,,67.25,80.36,,76.7
33178.0,65.38,97.11,84.65,72.37,48.75,91.01,79.55,81.51,,70.96,67.12,,64.39,73.5,81.38,75.88,68.68,57.09,,66.93,79.91,,76.36
33208.0,65.45,96.55,84.03,71.86,48.73,90.94,79.35,81.78,,70.75,66.19,,64.54,73.51,81.7,75.62,68.79,56.82,,66.77,79.52,,76.18
33239.0,65.28,95.57,83.48,71.94,48.94,89.71,79.02,81.94,69.62,70.84,65.31,58.42,64.62,73.43,81.09,74.74,68.81,56.78,,66.26,78.87,,75.91
33270.0,65.48,94.7,82.56,71.13,48.98,89.26,78.72,82.12,69.47,71.1,64.75,58.13,64.54,73.35,82.06,74.11,68.81,57.32,,65.61,78.34,,75.74
33298.0,64.79,93.77,81.6,70.61,49.06,88.21,78.73,81.55,69.32,70.94,64.45,58.15,64.41,72.96,82.15,73.58,69.06,58.63,,65.13,77.71,,75.58
33329.0,64.63,93.74,81.21,69.91,49.31,87.92,78.74,81.55,69.72,71.24,64.03,58.22,64.29,73.18,82.24,73.05,69.5,58.77,,65.45,77.45,,75.57
33359.0,64.51,93.91,81.53,70.01,49.55,88.65,78.24,81.28,69.8,71.4,64.09,58.51,64.63,73.37,82.35,73.09,69.89,59.07,,65.75,77.6,,75.77
33390.0,64.93,94.06,81.89,70.28,49.89,88.94,78.52,81.66,70.05,71.32,64.06,58.81,64.83,73.43,82.27,73.46,70.18,59.33,,66.07,77.81,,76.0
33420.0,65.32,94.28,82.1,70.66,50.33,88.99,78.63,81.72,69.91,71.58,64.01,59.04,65.39,73.37,83.34,73.91,70.55,59.58,,66.25,78.09,,76.08
33451.0,65.56,94.26,81.94,70.83,50.51,88.61,79.39,81.89,70.09,71.79,64.1,59.19,65.68,73.23,83.64,74.24,70.65,59.72,,66.34,78.25,,76.11
33482.0,65.74,94.09,81.66,70.82,50.65,88.49,79.07,81.52,70.04,71.97,64.14,59.29,66.0,73.2,84.86,74.39,70.97,59.81,,66.41,78.27,,76.2
33512.0,65.72,93.88,81.66,70.71,50.83,88.42,79.1,81.4,70.14,72.18,64.11,59.54,65.64,73.41,82.99,74.56,71.07,60.29,,66.17,78.24,,76.07
33543.0,66.08,93.47,81.45,70.53,51.04,88.67,79.07,81.58,70.12,72.37,63.86,59.63,65.67,73.68,81.58,74.62,71.22,60.38,,66.18,78.15,,76.02
33573.0,66.04,93.14,81.34,70.45,51.32,88.47,78.98,81.81,70.01,73.01,63.81,59.76,65.87,73.83,82.83,74.77,71.25,61.22,,66.08,78.15,,76.05
33604.0,66.04,92.79,80.86,70.4,51.52,88.57,79.03,81.68,70.07,73.43,63.56,59.75,66.09,73.67,83.04,74.76,71.69,61.67,,66.32,78.07,,76.09
33635.0,66.07,92.57,80.57,70.34,52.28,88.22,78.66,80.76,70.17,73.72,63.56,59.84,66.54,73.66,83.5,74.82,72.06,61.99,,66.48,78.08,,76.16
33664.0,66.11,91.91,80.69,70.19,53.07,88.64,78.93,80.42,70.23,73.89,63.81,60.08,66.77,73.51,83.12,74.96,72.64,62.17,,66.81,78.01,,76.28
33695.0,66.09,91.44,80.68,69.69,53.58,88.84,79.17,80.72,70.22,73.23,64.4,60.53,66.94,73.55,83.01,75.17,72.55,62.12,,67.24,77.95,,76.35
33725.0,66.14,90.87,80.45,69.73,53.8,88.98,79.66,81.04,70.39,73.42,64.35,60.78,66.97,73.55,83.21,75.15,72.64,62.37,,67.3,77.89,,76.4
33756.0,66.13,90.17,79.91,69.49,53.95,88.87,79.79,81.13,70.5,74.13,64.15,60.84,67.2,73.54,83.13,75.06,72.77,62.47,,67.32,77.7,,76.34
33786.0,66.1,89.49,79.57,69.27,54.14,88.5,78.06,80.63,71.08,74.9,63.94,60.9,67.26,73.87,82.77,74.96,72.86,62.59,,67.32,77.43,,76.27
33817.0,66.17,88.93,79.27,68.96,54.39,88.48,77.82,80.39,71.14,74.98,63.97,61.05,67.39,74.05,82.4,75.11,73.17,63.06,,67.11,77.31,,76.24
33848.0,66.24,88.32,79.04,68.81,54.72,88.41,77.46,80.34,71.29,75.23,63.9,61.25,67.41,74.42,82.47,75.09,73.46,63.49,,66.9,77.15,,76.25
33878.0,66.43,87.36,78.16,68.83,54.82,88.59,79.33,81.31,71.03,75.55,64.03,61.24,67.7,74.25,82.96,75.05,73.79,63.94,,67.43,77.03,,76.39
33909.0,66.5,86.64,77.92,68.75,55.24,88.67,79.5,81.7,71.36,75.91,64.03,61.27,67.93,74.34,83.31,75.19,74.08,64.67,,67.59,76.96,,76.57
33939.0,66.68,85.82,77.48,68.58,55.6,88.81,79.85,81.58,71.43,75.85,64.47,61.42,68.05,74.47,82.89,75.4,74.38,64.93,,67.85,76.86,,76.69
33970.0,66.87,85.25,77.65,68.45,56.13,89.07,79.85,81.51,71.53,76.01,64.86,61.56,68.16,74.67,82.56,75.74,74.79,65.22,,68.21,76.89,,76.79
34001.0,67.02,84.66,76.99,68.29,56.43,89.28,80.04,81.54,71.53,76.01,64.95,61.68,68.02,74.82,83.01,75.89,74.8,65.42,,68.65,76.85,,76.85
34029.0,67.37,83.62,76.62,68.07,56.95,89.44,80.02,82.1,71.75,76.22,64.82,61.7,68.53,74.79,83.2,75.99,74.95,65.86,,68.79,76.6,,76.88
34060.0,67.53,82.79,75.91,67.99,57.15,88.94,80.33,82.49,72.23,76.32,64.71,61.93,68.89,74.73,82.8,76.07,75.0,66.56,,68.29,76.4,,76.94
34090.0,67.85,82.04,75.55,67.76,57.57,88.48,80.96,82.59,72.63,76.69,64.83,62.25,69.3,74.73,81.96,76.14,75.38,67.09,,67.86,76.27,,77.04
34121.0,67.99,81.43,75.05,67.47,58.18,88.65,81.35,82.29,72.83,77.29,65.15,62.67,69.3,75.07,81.92,76.33,75.65,67.76,,67.58,76.26,,77.25
34151.0,68.3,80.57,74.49,66.93,58.81,88.82,81.8,82.27,73.12,77.55,65.52,62.96,69.57,75.29,81.99,76.32,75.99,68.17,,67.55,76.09,,77.44
34182.0,68.45,79.48,74.18,66.95,59.53,88.92,82.03,82.61,73.27,77.63,65.73,63.23,69.86,75.36,82.4,76.28,76.11,68.23,,68.01,75.9,,77.62
34213.0,68.99,79.05,74.27,66.83,60.14,88.79,82.35,83.36,73.58,77.81,65.85,63.4,70.49,75.42,82.88,76.33,76.58,68.68,,68.72,75.87,,77.81
34243.0,69.29,78.38,74.26,66.77,60.84,88.62,82.61,83.67,73.77,78.11,65.88,63.77,70.81,75.72,83.14,76.5,76.99,69.22,,69.15,75.81,,77.96
34274.0,69.8,78.23,74.31,66.72,61.43,88.51,82.48,83.44,73.99,78.43,66.22,64.18,71.22,76.32,83.74,76.74,77.65,70.12,,69.66,75.9,,78.16
34304.0,70.13,77.57,74.11,66.63,62.24,88.84,82.71,82.88,74.37,79.11,66.52,64.39,71.21,76.86,83.8,76.8,78.26,70.66,,69.9,75.91,,78.34
34335.0,70.6,77.4,74.27,66.63,62.82,88.99,83.36,82.94,74.76,80.19,66.82,64.53,71.92,77.14,83.97,76.85,78.78,71.12,,70.57,76.06,,78.61
34366.0,71.03,77.44,74.11,66.65,63.48,89.02,84.35,83.49,75.36,80.17,67.07,64.66,72.37,77.29,83.76,76.91,79.03,71.59,,70.41,76.23,,78.74
34394.0,71.43,77.26,74.01,67.32,63.94,89.31,85.17,83.96,75.47,80.08,67.47,65.08,73.23,77.45,84.08,77.24,79.14,72.23,,70.38,76.41,,78.87
34425.0,71.92,77.09,74.02,67.42,64.55,89.48,85.07,83.91,75.52,80.2,68.03,65.26,73.14,77.68,84.4,77.59,79.16,72.73,,70.66,76.58,,79.01
34455.0,72.22,76.67,74.25,67.54,65.05,89.79,85.06,83.98,75.78,80.57,67.93,65.62,73.14,77.87,85.44,77.97,79.52,73.42,,71.22,76.69,,79.24
34486.0,72.48,76.44,74.44,67.61,65.61,90.09,85.29,83.96,76.05,80.62,68.13,65.96,72.91,78.2,85.93,78.06,79.72,73.86,,71.41,76.77,,79.44
34516.0,72.87,76.41,74.55,67.64,65.96,90.18,85.65,84.71,76.4,80.66,68.16,66.38,72.67,78.62,86.29,78.24,79.91,74.55,,71.48,76.87,,79.61
34547.0,73.27,76.41,74.19,67.68,66.3,90.08,86.0,85.02,76.58,80.91,68.29,66.73,72.76,79.14,86.07,78.34,80.15,75.08,,71.37,76.94,,79.8
34578.0,73.77,76.43,73.71,67.54,66.52,90.05,86.16,85.09,76.69,81.18,68.44,67.04,72.83,79.6,86.17,78.41,80.31,75.63,,71.47,76.97,,79.94
34608.0,74.14,76.55,73.73,67.79,66.86,90.04,86.26,84.81,77.13,81.62,68.66,67.32,73.03,79.79,86.28,78.45,80.67,75.82,,71.7,77.1,,80.08
34639.0,74.45,76.47,73.46,68.05,67.18,90.14,86.52,84.83,77.57,81.72,68.79,67.5,73.18,79.89,86.54,78.38,81.12,76.08,,72.0,77.13,,80.17
34669.0,74.9,76.39,73.44,68.31,67.57,89.95,86.84,85.29,78.04,81.86,68.78,67.94,72.9,80.23,87.22,78.49,81.35,76.32,,72.12,77.21,,80.32
34700.0,75.22,76.38,73.05,68.42,67.95,89.67,86.92,85.98,78.23,81.88,68.79,68.97,73.34,80.68,87.32,78.57,81.6,77.16,,72.5,77.2,,80.45
34731.0,75.6,76.02,73.16,68.32,68.31,89.6,86.71,85.88,78.54,82.15,69.01,70.83,73.96,81.22,87.59,78.78,81.6,77.55,,72.0,77.28,,80.55
34759.0,75.67,75.78,73.0,67.73,68.6,89.4,86.75,85.71,78.58,82.28,69.13,70.74,74.78,81.25,87.74,78.57,81.84,78.4,,71.96,77.06,,80.62
34790.0,75.92,75.36,72.92,67.41,68.73,89.13,86.71,85.72,78.61,82.35,68.98,70.19,75.12,81.59,88.27,78.45,82.22,78.16,,71.55,76.88,,80.69
34820.0,76.22,75.12,72.53,67.11,69.16,88.93,86.82,85.85,78.58,82.32,69.09,70.27,75.43,81.82,88.15,78.43,82.49,78.4,,71.57,76.77,,80.73
34851.0,76.79,74.56,72.1,66.92,69.37,88.67,86.96,86.41,78.63,82.52,69.39,70.56,75.58,82.38,88.03,78.43,83.24,79.16,,71.43,76.66,,80.81
34881.0,77.14,74.5,72.09,66.96,69.82,88.57,86.95,86.61,78.93,82.85,69.7,70.91,75.82,82.89,87.92,78.45,83.14,79.9,,71.98,76.7,,80.96
34912.0,77.45,74.28,72.14,67.02,70.16,88.65,87.26,86.85,79.32,83.11,70.03,71.37,76.06,83.43,88.33,78.44,83.66,80.91,,72.34,76.75,,81.14
34943.0,77.6,74.19,72.19,67.11,70.7,88.8,87.24,86.92,79.68,83.43,70.12,71.94,76.23,84.08,88.65,78.51,83.87,81.25,,72.61,76.82,,81.33
34973.0,78.02,74.09,72.11,66.97,71.06,88.76,87.45,87.1,79.98,83.51,70.14,72.39,75.7,84.5,88.92,78.67,84.34,81.78,,72.8,76.86,,81.51
35004.0,78.39,74.03,71.7,66.91,71.36,88.65,87.39,87.27,80.17,83.88,70.11,72.89,75.9,84.9,89.01,78.74,84.44,81.97,,72.96,76.88,,81.65
35034.0,78.86,73.94,71.81,66.85,71.64,88.64,87.52,87.13,80.47,83.96,70.27,73.21,76.14,85.28,89.13,78.85,84.62,82.68,,73.24,76.92,,81.77
35065.0,79.26,73.92,71.89,66.88,71.74,88.66,87.43,87.22,80.8,84.26,70.68,73.58,76.53,85.56,89.19,78.95,84.61,83.2,,73.17,76.99,,81.87
35096.0,79.71,73.84,72.04,66.9,71.96,88.54,87.52,87.39,81.28,83.92,70.96,74.15,76.7,86.07,89.5,79.22,85.05,84.01,,73.28,77.12,,81.99
35125.0,80.08,73.86,71.76,66.81,72.34,88.61,87.16,87.86,81.38,84.02,71.39,74.71,76.82,87.28,89.44,79.5,85.61,84.48,,73.74,77.17,,82.23
35156.0,80.48,73.86,71.82,66.69,72.9,88.87,87.34,88.0,81.66,84.83,71.66,75.41,76.73,87.99,89.77,79.61,86.24,85.21,,73.92,77.34,,82.45
35186.0,80.77,74.0,71.96,66.78,73.33,88.87,87.47,87.93,81.82,85.06,71.82,75.97,76.91,88.6,89.82,79.78,86.38,85.79,,73.9,77.47,,82.64
35217.0,81.02,74.15,71.83,67.02,73.34,88.78,87.57,87.88,82.07,85.21,72.08,76.51,77.34,88.38,90.22,79.37,86.61,86.26,,74.01,77.47,,82.79
35247.0,81.34,74.11,71.72,67.22,73.53,88.71,87.83,87.76,82.09,85.18,72.44,77.04,77.89,88.18,90.22,79.43,87.0,86.67,,73.99,77.51,,82.96
35278.0,81.61,74.05,71.39,67.54,73.54,88.64,87.84,87.9,82.41,85.31,72.93,77.59,78.15,88.28,90.11,79.56,87.27,86.98,,74.45,77.61,,83.12
35309.0,81.86,74.0,71.71,67.8,73.9,88.68,87.98,87.79,82.74,85.54,73.02,78.02,78.47,88.22,89.81,79.76,87.48,87.95,,74.28,77.75,,83.29
35339.0,82.07,74.18,71.83,68.26,74.26,88.82,87.94,88.21,83.04,85.81,73.32,78.58,78.85,88.46,89.66,79.89,87.62,89.0,,74.68,77.95,,83.41
35370.0,82.3,74.42,72.15,68.94,74.74,88.92,88.11,88.29,83.32,86.12,73.48,78.96,79.3,88.92,89.48,79.92,87.72,90.19,,74.72,78.18,,83.59
35400.0,82.48,74.52,72.22,69.21,75.19,88.67,88.0,88.72,83.42,86.45,74.2,79.17,79.59,89.27,90.14,80.2,87.96,90.75,,75.15,78.38,,83.76
35431.0,82.8,74.54,72.56,69.64,75.39,88.78,88.06,88.65,83.7,86.52,74.61,79.35,79.98,89.73,90.78,80.44,87.68,91.24,,75.73,78.57,,83.99
35462.0,83.18,74.4,72.75,69.84,75.76,88.97,88.07,88.65,83.87,86.53,74.91,79.24,79.97,89.89,91.63,80.59,88.48,92.22,,76.33,78.72,,84.22
35490.0,83.55,74.79,72.97,70.64,76.17,89.34,88.34,87.95,84.09,86.83,75.35,80.25,79.89,90.42,91.91,80.59,88.92,93.1,,76.87,78.99,,84.48
35521.0,83.95,75.27,73.25,71.26,76.59,88.92,88.55,88.44,84.52,86.92,75.73,80.97,79.67,90.37,91.63,80.67,88.83,93.53,,77.86,79.25,,84.66
35551.0,84.27,75.76,73.49,71.79,76.94,88.93,88.67,88.71,84.96,86.89,76.13,81.73,80.39,90.55,91.5,80.95,89.0,93.66,,78.78,79.53,,84.9
35582.0,84.39,76.19,74.05,72.31,77.35,88.97,88.75,88.82,85.13,86.89,76.49,82.22,80.73,90.66,91.72,81.39,88.82,93.03,,79.65,79.91,,85.12
35612.0,84.44,76.54,74.42,72.8,77.8,89.01,88.81,88.92,85.35,87.22,76.75,82.52,82.06,91.14,92.08,81.78,89.47,93.16,,80.67,80.22,,85.37
35643.0,84.56,77.16,75.01,73.57,78.31,89.12,88.89,89.23,85.55,87.56,77.07,82.84,82.26,91.42,92.49,81.94,89.4,92.88,,81.11,80.61,,85.61
35674.0,85.03,77.56,75.38,74.12,78.44,89.23,89.17,89.44,86.09,87.97,77.44,83.48,81.76,91.91,92.59,82.06,89.97,93.17,,81.69,80.91,,85.89
35704.0,85.64,78.23,76.2,75.04,78.82,89.54,89.59,89.51,86.43,88.33,78.0,84.0,82.1,92.36,92.89,82.34,89.7,92.95,,82.06,81.42,,86.19
35735.0,86.16,78.89,76.73,75.68,79.33,89.75,89.91,89.72,86.9,88.92,78.62,84.5,82.18,92.56,92.9,82.82,90.43,93.59,,82.77,81.96,,86.67
35765.0,86.56,79.91,78.09,76.5,80.04,89.97,90.33,90.09,87.19,89.38,79.28,84.75,82.59,92.64,93.2,83.27,90.67,93.94,,83.67,82.59,,87.13
35796.0,86.92,81.04,78.98,77.2,80.65,90.11,90.73,90.78,87.63,90.19,79.9,85.18,82.87,92.68,93.24,83.73,91.25,94.09,,84.48,83.26,,87.66
35827.0,87.43,82.19,79.89,77.68,81.01,90.22,91.06,91.08,87.99,90.54,80.57,85.74,83.51,92.95,93.59,84.41,91.62,94.13,,85.65,83.97,,88.05
35855.0,87.69,83.65,81.01,78.31,81.24,90.35,91.14,91.39,88.56,90.7,81.18,86.28,83.7,93.0,94.78,84.94,91.85,94.55,,86.3,84.62,,88.49
35886.0,88.13,84.4,82.08,79.13,81.76,90.55,91.23,91.49,89.17,90.67,81.95,86.95,84.3,93.16,94.77,85.42,92.09,94.97,,87.0,85.19,,88.92
35916.0,88.59,85.4,83.09,80.22,82.42,90.84,91.45,91.6,89.75,90.99,82.79,87.59,84.83,93.6,94.54,85.99,92.42,95.34,,87.58,85.86,,89.4
35947.0,89.25,86.45,84.05,81.39,83.08,91.3,92.03,91.88,90.16,91.56,83.68,88.06,85.35,94.01,94.23,86.48,93.08,95.7,,88.38,86.63,,89.88
35977.0,89.9,87.85,85.15,82.38,83.74,91.55,92.66,92.42,90.45,91.81,84.49,88.47,85.86,94.3,94.3,87.16,93.32,96.03,,89.16,87.43,,90.35
36008.0,90.23,88.93,86.18,83.52,84.55,91.78,92.91,92.67,90.76,92.15,85.28,89.01,86.37,94.62,94.41,87.67,93.55,96.43,,89.77,88.14,,90.82
36039.0,90.62,90.08,87.13,84.44,85.25,91.97,93.07,93.23,91.09,92.27,86.2,89.45,86.77,94.9,94.79,88.23,93.75,96.77,,90.48,88.85,,91.3
36069.0,90.94,90.77,87.71,84.96,86.05,92.4,93.14,93.27,91.86,92.52,86.58,89.98,87.41,95.4,94.88,88.74,94.05,97.09,,91.14,89.35,,91.75
36100.0,91.55,91.29,88.21,85.16,86.8,93.01,93.37,93.81,92.5,92.11,86.88,90.63,88.29,95.63,95.29,89.26,94.55,97.54,,91.82,89.73,,92.23
36130.0,92.2,91.78,88.9,85.4,87.43,93.51,93.57,93.79,93.08,92.66,87.79,91.5,89.04,96.03,95.63,89.56,94.91,98.08,,92.13,90.14,,92.74
36161.0,92.75,92.14,90.11,86.23,88.49,94.19,93.95,94.09,93.59,92.94,89.24,92.43,89.91,96.36,96.25,89.86,95.44,98.74,,92.71,90.71,,93.25
36192.0,93.33,92.72,91.13,87.22,89.46,94.43,94.43,94.46,94.07,93.52,90.56,93.06,90.57,96.67,96.79,90.51,95.79,99.24,,93.1,91.44,,93.71
36220.0,94.02,93.38,91.99,88.29,90.86,94.93,95.12,94.86,94.77,93.62,91.29,93.48,91.28,97.37,96.7,91.29,96.43,98.75,,93.88,92.13,,94.26
36251.0,94.73,94.38,92.49,89.09,91.69,95.52,95.85,95.47,95.14,94.65,92.15,93.63,92.29,98.08,96.86,92.27,96.88,98.82,,94.7,93.05,,94.83
36281.0,95.12,95.23,93.09,89.97,92.55,95.86,96.18,96.14,95.79,95.43,93.0,94.22,92.93,98.45,97.34,93.0,97.2,99.11,,95.43,93.75,,95.39
36312.0,95.59,96.03,94.07,91.28,93.4,96.59,96.08,96.56,96.26,96.32,93.8,94.89,93.72,98.79,97.95,94.04,97.28,99.6,,96.33,94.65,,96.02
36342.0,96.13,96.65,94.95,92.89,94.38,97.29,96.79,97.09,96.91,96.63,95.08,95.86,94.47,99.0,98.22,94.94,97.42,99.86,,96.76,95.5,,96.63
36373.0,96.88,97.18,95.88,94.28,95.56,98.01,97.28,97.45,97.33,97.18,96.08,96.59,95.64,99.24,98.18,96.02,97.92,100.14,,97.46,96.38,,97.26
36404.0,97.62,97.68,96.96,95.6,96.96,98.6,97.89,97.99,97.79,97.75,97.2,97.41,96.99,99.52,98.58,96.79,98.3,100.34,,98.2,97.2,,97.91
36434.0,98.29,98.33,98.02,96.76,98.04,98.99,97.95,98.67,98.5,98.66,98.21,98.01,98.06,99.46,98.99,97.59,98.89,100.67,,99.21,97.98,,98.57
36465.0,98.96,99.24,99.07,98.51,98.85,99.46,98.55,98.97,99.09,99.41,99.27,98.67,98.86,99.55,99.54,98.4,99.61,100.48,,100.05,98.89,,99.2
36495.0,99.64,100.33,100.07,100.03,99.67,100.09,99.32,99.68,99.93,100.14,100.36,99.48,99.62,100.2,99.85,99.35,100.05,100.53,,100.53,99.87,,99.88
36526.0,100.41,101.03,101.1,101.45,100.66,100.87,99.94,100.08,100.38,100.56,100.92,100.15,100.19,100.66,100.4,100.34,100.53,100.59,100.71,101.08,100.75,100.59,100.56
36557.0,100.94,102.04,102.41,104.17,101.65,101.7,100.47,100.79,101.29,101.41,101.89,100.88,100.97,101.1,100.9,101.24,100.51,101.25,103.04,101.66,101.89,101.69,101.34
36586.0,101.72,103.22,104.09,107.34,102.74,102.89,101.09,101.45,101.68,102.43,102.65,101.37,101.63,101.14,101.44,102.06,101.17,101.56,102.71,102.94,103.15,102.78,102.13
36617.0,102.27,104.16,105.71,110.63,103.54,103.95,102.01,102.31,102.7,103.41,104.35,101.76,102.98,102.27,101.6,103.13,101.74,102.18,103.28,103.48,104.53,104.0,102.92
36647.0,102.99,104.92,107.13,113.8,105.3,104.92,102.75,103.39,103.27,104.39,106.01,102.58,104.41,102.24,102.05,104.92,102.16,102.08,103.72,104.22,106.01,105.25,103.68
36678.0,103.7,105.69,108.97,116.82,106.91,105.72,103.41,104.23,104.14,105.51,107.93,103.27,105.61,102.69,102.28,106.06,102.04,102.19,103.62,104.43,107.34,106.4,104.43
36708.0,104.08,106.33,110.32,117.87,108.3,106.71,103.7,105.03,104.32,106.03,108.92,103.99,106.39,102.25,102.67,107.02,101.93,102.4,104.05,104.94,108.17,107.13,105.05
36739.0,104.5,106.97,111.67,119.05,109.3,107.79,104.36,105.41,104.7,106.42,110.13,104.23,107.36,102.52,103.22,108.02,102.19,102.65,104.36,105.22,109.07,107.86,105.77
36770.0,104.97,107.89,112.66,120.41,110.55,108.99,105.11,105.91,104.78,106.71,111.37,104.65,108.47,102.52,103.89,108.83,102.52,102.81,105.08,105.62,110.03,108.61,106.54
36800.0,105.33,108.81,113.47,123.25,111.73,109.87,106.1,106.51,105.42,106.98,112.97,105.06,109.63,102.86,104.68,109.79,103.2,103.03,105.51,105.82,111.17,109.49,107.38
36831.0,105.8,109.98,115.25,126.44,113.1,111.09,107.4,108.19,106.04,107.47,114.77,106.09,111.16,103.17,105.04,110.64,103.56,103.34,106.28,106.4,112.5,110.57,108.3
36861.0,106.01,110.72,116.96,130.06,114.54,112.4,108.66,109.81,106.58,108.15,116.95,106.68,111.73,103.0,105.52,111.84,104.22,104.11,106.57,107.29,113.93,111.8,109.13
36892.0,106.4,112.03,118.9,133.04,115.51,113.79,110.24,110.9,107.07,108.92,118.84,107.33,113.35,103.54,105.77,112.94,104.54,104.6,107.24,107.77,115.43,113.05,109.85
36923.0,106.88,112.9,120.14,135.08,116.88,115.39,111.07,111.71,107.43,109.52,120.41,107.51,114.5,103.87,106.17,114.25,104.85,104.85,108.38,107.91,116.69,114.13,110.51
36951.0,107.46,114.18,122.32,134.94,117.24,116.84,112.27,112.41,107.82,110.36,121.56,108.04,116.39,104.0,106.99,115.31,104.97,105.1,109.08,108.15,117.73,115.09,111.11
36982.0,108.08,114.64,123.36,133.86,118.52,118.63,113.53,113.45,108.36,111.29,122.74,108.39,117.28,103.87,107.95,116.36,104.78,105.42,109.9,109.03,118.5,115.84,111.65
37012.0,108.71,115.26,124.28,132.66,119.25,119.26,114.77,113.76,108.65,112.09,123.18,108.85,118.29,104.22,108.74,116.98,105.25,105.96,110.06,109.24,118.95,116.3,112.16
37043.0,109.02,115.74,124.52,130.83,119.97,120.25,115.91,115.2,109.31,113.22,124.44,109.14,119.68,104.32,109.51,118.08,105.68,106.59,110.48,109.74,119.5,116.9,112.8
37073.0,109.51,116.38,125.29,129.28,120.39,121.08,117.13,116.16,109.67,114.21,125.6,109.66,121.26,104.84,110.3,119.22,106.47,107.34,110.42,109.99,120.1,117.5,113.49
37104.0,109.86,117.36,125.87,128.33,120.96,122.09,118.29,117.85,110.19,115.25,126.94,110.41,122.12,104.63,110.97,120.59,106.98,108.02,110.63,110.55,120.95,118.24,114.17
37135.0,110.28,118.34,126.98,128.18,121.51,123.1,119.52,118.13,110.67,116.1,128.15,110.85,123.2,104.73,111.7,121.98,107.27,108.34,110.52,111.21,121.95,119.03,114.81
37165.0,110.75,119.31,128.15,128.21,121.7,124.13,121.09,118.88,111.05,116.52,129.13,111.1,124.09,104.53,112.08,123.09,107.0,108.53,111.2,111.6,122.81,119.69,115.31
37196.0,111.1,120.3,129.35,127.68,121.64,125.04,122.7,119.54,111.18,116.8,130.18,110.93,125.28,104.5,112.97,124.4,106.77,108.44,111.45,112.04,123.62,120.27,115.86
37226.0,111.65,121.29,129.99,126.84,121.62,126.18,123.77,119.89,111.3,117.09,130.51,111.25,125.97,104.61,113.52,124.57,106.38,108.41,111.99,112.07,124.02,120.67,116.45
37257.0,112.16,122.71,130.32,126.84,122.1,127.24,124.5,120.4,111.67,117.51,131.35,111.47,126.42,104.78,114.45,125.38,106.88,108.92,112.54,112.84,124.83,121.36,117.15
37288.0,112.79,123.99,131.73,127.61,122.39,128.82,125.43,120.7,112.28,118.12,131.77,112.16,126.98,105.26,115.0,126.1,107.42,109.53,112.75,113.26,125.76,122.19,117.85
37316.0,113.21,125.46,133.19,129.56,123.1,130.15,126.65,122.96,112.7,118.72,132.97,112.34,128.13,105.61,115.41,127.32,107.97,111.14,113.24,113.57,127.04,123.33,118.69
37347.0,113.68,126.85,135.65,132.11,123.33,131.63,128.09,123.71,112.78,119.63,134.53,112.32,129.01,106.16,115.4,128.69,108.36,111.06,113.37,113.53,128.54,124.5,119.62
37377.0,114.2,128.69,138.13,134.75,124.01,133.29,129.79,124.95,112.94,120.34,136.68,112.81,130.22,106.14,115.87,130.49,108.59,111.53,113.47,113.73,130.34,125.93,120.73
37408.0,114.68,130.78,140.54,137.57,124.26,134.84,131.57,125.6,113.25,121.05,138.77,113.38,131.2,106.21,116.34,132.5,109.15,111.3,113.19,114.05,132.22,127.39,121.81
37438.0,114.99,132.86,142.87,139.37,124.68,137.0,133.48,126.85,113.67,121.86,140.54,114.03,132.29,106.15,116.83,134.85,109.45,112.27,113.18,114.46,134.1,128.88,122.89
37469.0,115.29,135.09,145.71,141.11,124.61,138.95,134.91,127.75,114.02,122.64,142.31,114.55,133.28,106.73,117.27,137.0,109.48,112.02,113.56,114.76,135.95,130.3,123.83
37500.0,115.54,137.24,148.04,141.85,124.67,140.8,136.58,128.57,114.17,123.48,144.2,114.8,133.91,107.05,117.8,138.83,109.41,112.21,113.74,115.05,137.6,131.53,124.78
37530.0,115.81,139.72,150.59,142.82,125.0,142.45,138.27,129.2,114.6,124.35,145.85,114.88,135.26,107.31,119.16,140.8,109.58,112.33,113.86,115.43,139.37,132.85,125.73
37561.0,116.24,141.82,153.04,143.63,125.55,143.86,139.84,130.26,114.93,125.32,147.41,115.53,136.13,107.34,120.6,142.84,109.76,113.0,113.85,115.91,141.01,134.1,126.67
37591.0,116.71,143.98,155.2,143.82,125.71,145.59,141.71,131.83,115.26,126.37,147.86,115.61,137.91,107.71,122.01,144.91,110.25,113.8,114.19,116.63,142.57,135.4,127.62
37622.0,117.71,145.75,157.29,143.74,125.62,146.68,143.78,133.27,115.65,127.22,148.52,115.7,138.86,108.38,122.91,146.64,110.9,114.61,114.71,116.85,143.86,136.47,128.46
37653.0,118.61,147.31,158.5,143.85,125.6,147.94,145.87,134.66,115.96,128.21,149.7,115.35,140.04,108.75,123.75,147.94,111.7,115.4,114.82,117.48,145.05,137.46,129.36
37681.0,119.56,148.88,159.7,143.96,126.11,148.72,147.39,135.52,116.68,129.49,150.97,116.17,140.57,108.43,124.33,149.22,112.04,116.0,113.96,118.0,146.14,138.39,130.15
37712.0,119.9,150.49,161.1,144.3,125.92,149.94,148.7,136.63,116.61,129.78,151.64,117.12,141.56,107.99,125.29,150.34,112.59,116.39,113.58,118.47,147.14,139.24,130.89
37742.0,120.29,152.29,162.58,144.37,125.78,151.37,149.77,138.12,116.85,130.53,151.88,118.1,142.25,107.71,125.97,151.49,112.97,116.93,113.63,118.89,148.19,140.15,131.74
37773.0,120.67,154.07,164.2,144.84,125.08,152.99,150.72,138.67,116.82,131.02,152.38,117.84,142.59,108.04,126.94,152.25,113.36,117.67,114.15,119.36,149.13,140.92,132.65
37803.0,121.28,157.02,166.36,146.17,125.17,154.71,152.78,139.35,117.04,131.7,152.89,117.79,143.79,108.15,128.36,153.29,113.79,118.31,114.35,119.97,150.64,142.12,133.78
37834.0,122.1,160.1,169.43,147.79,125.6,156.79,155.05,139.69,117.32,132.2,153.57,117.83,144.77,108.67,130.44,154.49,114.41,118.88,114.36,121.02,152.43,143.53,134.97
37865.0,123.04,163.58,173.16,149.64,125.83,159.25,157.06,141.86,117.72,133.29,154.61,118.13,145.9,108.6,132.7,156.36,115.09,119.45,114.39,121.7,154.65,145.26,136.29
37895.0,123.9,167.04,177.15,151.55,126.3,161.69,159.09,143.28,118.03,134.45,155.9,118.8,146.96,109.96,135.7,157.98,115.73,120.34,114.5,122.83,156.81,146.99,137.53
37926.0,124.97,170.75,181.1,153.73,126.79,164.16,160.76,144.88,118.44,135.65,157.68,119.11,148.03,110.61,138.79,160.01,116.15,121.4,114.63,123.52,159.17,148.82,138.8
37956.0,126.25,174.78,185.04,155.99,127.26,166.52,162.61,145.24,118.69,137.04,159.3,119.44,148.74,111.2,143.08,161.89,116.4,122.38,114.42,124.83,161.64,150.76,140.18
37987.0,127.29,178.78,188.63,157.85,128.08,169.53,164.83,148.01,119.3,138.03,160.57,119.77,149.99,110.49,147.24,163.64,116.47,123.14,114.93,125.58,164.01,152.63,141.65
38018.0,128.4,182.92,192.67,159.95,128.65,171.79,167.05,149.52,119.57,138.76,161.99,120.01,151.25,110.71,151.63,165.45,116.85,123.92,115.37,126.58,166.42,154.54,143.21
38047.0,129.64,188.79,199.06,162.22,129.25,174.68,170.32,152.68,120.15,139.61,163.25,120.96,152.78,111.28,159.84,167.48,117.09,124.2,114.5,127.52,169.5,156.96,145.06
38078.0,130.93,194.5,204.93,164.54,129.29,177.86,173.1,153.24,120.87,140.17,165.54,121.39,154.52,112.09,167.51,169.16,118.01,125.68,114.71,128.6,172.47,159.34,146.6
38108.0,132.47,199.74,211.09,166.8,129.31,182.0,176.56,155.37,120.94,141.47,166.18,122.16,154.92,112.52,175.43,171.15,117.88,126.62,115.15,129.88,175.54,161.75,148.19
38139.0,133.93,205.29,216.73,169.84,129.85,186.72,179.84,157.83,120.89,142.31,167.52,121.81,156.22,112.62,185.0,173.35,117.92,127.51,115.5,131.09,178.84,164.31,149.85
38169.0,135.8,209.3,221.88,172.06,129.97,189.88,183.32,159.93,121.29,143.23,168.14,121.6,156.54,112.74,193.6,175.65,117.91,128.45,115.78,132.26,181.53,166.39,151.34
38200.0,137.56,211.15,225.13,174.54,130.35,193.04,186.69,162.54,121.72,143.85,169.29,121.6,157.31,112.52,199.4,177.28,118.07,129.63,115.91,133.12,183.5,168.03,152.64
38231.0,140.57,212.71,228.0,177.02,130.51,196.11,190.38,165.06,122.24,145.18,170.16,121.8,157.33,112.59,203.02,179.12,118.53,131.16,115.94,134.24,185.52,169.65,154.18
38261.0,143.8,213.84,230.27,180.05,131.27,199.54,193.55,167.94,122.73,146.17,172.03,122.11,158.17,113.05,205.26,181.12,118.63,132.72,116.22,135.24,187.44,171.29,155.75
38292.0,147.69,215.98,231.73,183.28,131.87,203.15,197.07,170.59,123.23,147.25,173.05,122.43,158.85,113.82,206.85,182.92,119.31,134.09,116.46,137.28,189.49,173.08,157.53
38322.0,152.15,218.12,234.28,187.12,132.75,206.97,200.88,173.6,123.95,148.59,174.32,122.69,159.66,114.76,208.17,184.59,119.79,135.21,117.03,139.11,191.76,175.08,159.33
38353.0,156.33,221.52,236.72,191.63,133.4,210.8,205.34,177.26,124.64,150.04,175.74,123.26,161.39,115.13,209.15,187.17,121.15,136.77,117.56,141.63,194.63,177.55,161.29
38384.0,161.66,225.21,239.04,196.02,134.38,215.18,210.05,180.85,125.44,151.83,177.94,123.95,162.67,115.65,211.7,189.79,121.9,138.28,118.27,143.04,197.78,180.26,163.37
38412.0,167.81,229.76,239.93,200.48,134.66,221.05,215.96,185.3,126.19,154.0,179.47,124.78,163.75,115.45,213.67,193.19,121.63,140.22,118.94,145.33,201.33,183.28,165.81
38443.0,174.64,233.45,241.3,202.31,135.09,225.78,222.34,188.47,127.01,154.6,180.51,125.56,165.18,115.48,216.19,195.21,121.88,142.1,119.03,146.78,203.81,185.49,167.51
38473.0,181.13,237.12,242.34,204.83,135.13,229.74,227.56,192.03,127.29,155.27,180.72,126.5,165.14,116.02,217.99,196.74,121.9,144.48,119.28,148.77,206.08,187.55,169.35
38504.0,188.95,240.6,243.66,207.21,134.94,233.78,233.96,196.81,127.82,156.06,180.09,125.87,165.4,116.99,219.45,198.2,121.61,147.57,119.0,150.79,208.22,189.53,171.19
38534.0,196.16,244.26,244.52,209.22,134.97,236.73,239.23,201.09,127.76,156.61,180.01,125.27,165.2,117.7,220.46,199.81,121.44,150.42,119.38,152.82,210.28,191.38,172.86
38565.0,203.0,248.27,245.51,210.73,135.23,238.99,244.93,206.25,127.92,156.56,179.7,124.67,165.32,118.51,222.02,201.49,121.42,153.41,119.56,155.11,212.26,193.31,174.45
38596.0,209.56,252.83,245.96,212.69,135.9,241.38,250.68,211.65,127.94,157.97,180.15,124.65,165.63,118.58,223.77,204.07,121.65,156.46,120.34,157.53,214.97,195.62,176.44
38626.0,213.6,257.7,247.71,214.13,136.6,243.76,255.87,217.88,128.85,159.15,179.98,125.12,166.9,119.92,225.57,206.67,121.98,159.07,120.92,159.83,217.45,197.87,178.02
38657.0,217.4,261.58,249.49,215.51,137.21,246.21,259.92,222.58,129.74,161.32,180.81,125.67,168.26,120.36,227.9,209.31,122.48,161.77,122.1,162.48,219.93,200.13,179.68
38687.0,220.17,265.4,249.83,216.42,137.91,248.43,263.95,226.12,130.7,162.68,180.43,126.33,169.3,121.56,229.86,212.04,122.87,164.22,122.83,164.82,222.16,202.16,180.91
38718.0,223.02,268.33,250.58,217.42,138.8,250.28,267.97,229.56,131.71,164.44,180.6,126.86,170.1,121.02,232.26,213.5,123.39,167.1,123.44,167.42,223.93,203.77,182.33
38749.0,225.27,271.24,251.41,218.83,139.32,252.02,272.04,232.3,132.34,165.92,179.55,127.29,171.46,122.14,234.44,215.05,123.32,169.68,123.49,169.48,225.64,205.37,183.33
38777.0,226.53,272.1,251.72,219.32,139.35,252.9,275.09,236.05,132.66,168.03,180.06,127.89,172.25,122.81,235.24,215.72,122.98,172.62,123.48,171.8,226.56,206.35,184.37
38808.0,227.79,273.11,251.34,218.82,138.82,252.32,278.15,237.99,132.96,167.62,179.39,126.05,173.88,124.15,235.75,216.53,122.34,174.06,123.22,173.1,226.87,206.61,184.34
38838.0,228.06,272.96,249.67,218.06,138.73,251.2,279.7,239.04,133.03,167.72,178.33,125.36,172.79,124.58,235.4,216.62,121.86,175.36,123.09,174.69,226.64,206.49,184.17
38869.0,227.53,272.23,247.92,216.57,138.45,249.33,279.21,237.99,133.1,167.12,176.5,123.76,171.42,125.29,233.7,216.2,121.94,176.72,123.24,176.54,225.69,205.81,183.52
38899.0,226.09,271.49,246.02,214.86,138.34,246.96,278.47,236.94,133.14,166.55,175.6,122.62,169.25,126.33,233.06,215.05,121.85,177.74,123.56,178.26,224.56,204.93,183.08
38930.0,224.49,270.54,244.13,214.33,137.8,244.41,276.02,235.11,133.07,166.02,174.92,121.58,168.41,127.04,232.4,213.08,121.22,178.88,123.72,179.77,223.19,204.02,182.61
38961.0,222.91,270.43,243.38,213.55,137.61,241.73,276.29,234.04,133.03,166.46,173.85,120.62,167.46,127.79,231.86,213.01,120.49,179.5,123.65,181.03,222.83,203.57,182.8
38991.0,221.67,270.94,242.08,213.36,137.35,241.77,277.5,232.37,133.7,166.47,173.69,120.34,167.44,128.06,231.29,213.0,120.15,179.86,123.68,182.09,222.76,203.52,183.2
39022.0,221.02,271.78,241.36,213.24,137.3,241.52,278.76,231.32,134.07,166.49,171.9,119.83,167.37,129.11,231.42,213.14,119.94,180.35,123.82,183.4,222.85,203.62,183.61
39052.0,220.68,270.28,239.27,213.17,137.63,241.42,279.71,230.31,134.64,167.01,171.28,118.63,167.62,129.81,231.7,213.24,119.76,180.43,124.5,184.73,222.53,203.45,184.15
39083.0,221.46,271.0,240.15,214.64,137.58,241.43,278.94,229.82,134.98,168.25,170.55,118.14,168.69,130.77,231.92,212.9,120.13,181.9,124.5,186.39,222.82,203.73,184.54
39114.0,220.92,270.11,238.94,214.91,137.5,241.81,279.79,230.46,135.61,169.48,171.27,117.86,169.61,131.32,231.85,213.3,120.34,183.09,125.25,188.03,222.97,204.07,184.69
39142.0,220.21,268.8,236.73,215.36,137.0,241.57,278.61,229.67,135.89,171.3,171.87,118.62,170.01,132.11,231.25,214.26,120.45,185.15,125.46,189.55,223.03,204.29,184.19
39173.0,218.17,266.49,234.66,213.53,136.56,238.62,276.16,226.74,136.14,168.8,171.74,116.7,170.03,132.9,228.69,213.74,119.24,185.44,125.66,189.99,221.36,202.83,183.03
39203.0,215.57,264.26,232.37,210.82,136.78,235.86,270.96,223.13,135.42,167.4,170.94,114.07,167.43,133.21,226.03,211.88,118.46,185.38,125.24,190.53,219.28,201.0,181.64
39234.0,212.64,261.33,229.91,207.99,136.82,232.45,266.1,219.48,134.9,165.91,169.71,111.47,164.78,133.64,222.18,209.71,117.14,184.63,124.94,190.38,216.8,198.84,180.27
39265.0,209.39,258.48,226.68,205.45,136.96,229.18,260.11,215.49,134.08,164.65,169.22,111.06,162.8,133.67,219.12,207.79,116.74,184.21,124.15,190.18,214.44,196.84,179.12
39295.0,206.31,254.77,223.6,204.54,136.81,226.41,253.95,210.62,133.55,162.92,167.98,109.73,161.3,133.85,214.88,205.36,115.78,183.46,123.99,189.58,211.87,194.79,178.13
39326.0,203.03,251.29,219.8,203.07,136.19,225.9,248.33,207.37,133.03,161.41,168.04,108.5,159.9,133.66,211.04,204.78,115.45,183.24,123.72,189.15,210.09,193.1,177.56
39356.0,198.0,246.96,215.35,199.64,134.72,225.41,243.01,204.75,132.66,160.27,167.35,106.54,158.46,133.48,206.31,203.93,114.61,183.14,123.47,187.85,207.62,190.94,176.63
39387.0,192.4,239.1,209.02,194.65,133.0,222.98,236.39,202.06,131.34,159.58,166.93,104.14,156.45,132.9,200.73,203.28,112.87,182.53,122.4,186.43,204.11,187.86,175.15
39417.0,186.86,233.07,203.4,189.99,131.58,219.21,230.6,199.8,130.42,159.39,165.5,102.42,154.44,132.99,195.88,201.71,112.3,182.61,121.78,185.72,200.75,185.05,174.36
39448.0,181.18,226.29,199.92,186.63,130.91,215.68,225.01,195.92,129.71,157.5,164.74,100.34,151.99,133.23,186.85,200.8,110.13,181.07,120.56,184.45,197.52,182.1,173.17
39479.0,175.13,217.75,193.21,178.89,130.4,211.67,219.16,190.82,128.72,155.96,163.5,98.62,149.09,133.5,178.65,199.44,109.68,179.69,120.45,183.57,193.14,178.53,171.72
39508.0,169.77,210.67,188.25,172.67,130.39,207.84,210.8,185.3,127.56,155.28,162.28,97.96,147.04,133.3,171.2,198.85,109.45,178.11,121.49,181.78,189.57,175.6,170.13
39539.0,163.92,205.19,182.19,166.73,130.19,203.82,202.99,180.96,125.63,154.03,161.1,96.31,144.84,132.81,167.26,197.31,111.27,177.01,121.47,180.79,185.88,172.38,168.36
39569.0,158.53,199.45,178.5,162.61,130.11,199.88,194.51,178.12,124.65,152.08,160.59,94.74,143.39,132.88,162.18,195.84,108.97,175.64,121.29,178.43,182.55,169.51,166.72
39600.0,153.21,195.14,174.35,158.53,130.19,196.17,190.77,174.99,123.09,149.89,160.55,93.35,141.84,131.92,159.23,194.84,108.29,173.87,120.75,176.62,179.98,167.17,165.04
39630.0,147.98,190.67,169.87,154.02,130.23,192.59,186.2,173.16,121.91,147.57,159.66,92.28,140.79,131.15,154.28,192.61,107.2,171.74,120.82,174.2,176.75,164.38,163.58
39661.0,142.96,186.55,165.74,148.17,129.58,190.43,181.99,171.74,121.05,145.87,159.47,90.4,138.47,129.95,149.69,191.06,107.7,169.25,120.52,172.53,173.95,162.01,162.01
39692.0,138.23,181.83,161.88,142.76,128.71,186.79,177.41,168.58,120.05,144.22,158.2,87.77,136.48,128.88,145.34,189.46,107.99,167.29,120.31,170.29,170.73,159.08,160.32
39722.0,133.37,178.02,157.88,137.55,127.65,182.83,172.4,164.04,118.67,142.27,157.36,84.53,132.5,127.51,141.08,187.79,107.55,164.55,119.65,168.48,167.74,156.24,158.33
39753.0,129.14,174.84,155.06,134.62,127.29,179.51,168.45,159.88,116.66,139.45,154.8,82.48,130.52,125.86,137.12,185.49,107.05,161.61,118.34,165.5,164.99,153.6,156.14
39783.0,123.4,171.39,152.82,130.61,126.45,176.32,164.26,156.0,113.95,136.71,153.93,80.2,125.21,123.5,131.14,183.3,105.57,158.6,116.56,161.03,162.2,150.67,153.63
39814.0,117.93,167.97,150.16,126.62,124.42,174.19,158.78,150.6,111.48,132.13,152.7,77.64,121.39,122.57,126.04,181.57,104.72,155.94,114.75,157.13,159.29,147.66,151.56
39845.0,113.58,165.53,149.17,124.04,123.35,171.44,154.77,147.55,109.45,129.39,151.86,75.41,119.44,121.26,121.99,179.36,100.65,154.12,115.02,155.84,157.07,145.58,150.3
39873.0,108.76,163.86,146.86,121.27,123.37,170.12,150.5,144.23,108.19,127.47,149.76,73.18,113.87,121.06,117.81,176.27,99.92,151.16,114.84,152.35,154.77,143.27,148.78
39904.0,106.13,161.67,145.73,120.19,123.74,169.71,148.02,142.52,107.37,126.05,149.05,72.3,113.51,119.62,113.46,173.53,99.68,148.9,115.34,150.55,152.88,141.56,147.98
39934.0,104.26,159.86,145.39,119.91,124.02,170.06,145.69,141.04,106.17,125.89,149.18,71.83,112.66,119.49,110.31,172.88,102.14,146.99,116.1,148.57,152.08,140.79,147.77
39965.0,104.63,160.31,146.47,123.39,125.29,171.76,145.94,140.43,105.86,124.52,150.84,69.91,113.76,119.06,107.61,172.26,104.74,147.35,117.81,147.87,152.74,141.29,148.1
39995.0,105.77,162.19,148.88,126.1,126.27,173.46,146.31,140.83,107.01,125.96,151.33,69.29,116.55,119.25,105.9,172.36,105.5,147.64,118.67,147.11,153.85,142.21,148.38
40026.0,107.02,164.14,151.01,129.19,126.97,175.69,147.26,140.83,107.82,126.49,152.32,69.64,119.2,118.63,104.96,172.3,104.34,147.84,118.88,146.94,155.17,143.35,148.27
40057.0,108.09,165.47,152.67,131.4,127.22,177.28,148.3,140.14,108.61,128.12,152.74,70.56,121.09,118.39,103.82,172.12,103.9,147.49,118.86,146.59,155.99,143.99,148.01
40087.0,109.35,166.81,154.11,133.93,127.52,178.0,148.27,139.06,109.13,127.43,153.04,71.35,121.48,118.55,103.5,172.35,103.88,148.05,119.05,147.51,156.77,144.7,147.84
40118.0,110.86,168.79,155.64,135.99,127.93,178.48,148.16,139.03,109.75,127.62,154.0,71.54,122.03,118.94,103.54,171.73,104.46,149.48,120.18,147.87,157.47,145.37,148.13
40148.0,112.1,171.51,156.88,136.95,128.01,179.71,148.11,139.13,109.82,127.04,154.72,72.0,122.65,118.95,104.15,171.94,104.37,150.16,120.12,148.5,158.39,146.15,147.95
40179.0,112.62,174.55,159.08,138.43,127.86,179.98,148.33,139.76,109.35,126.74,155.03,72.08,123.76,118.83,104.05,172.37,105.3,149.59,119.61,148.0,159.43,146.87,147.42
40210.0,111.72,174.55,160.57,139.5,128.03,180.5,148.35,139.02,108.87,126.22,154.71,71.49,123.34,118.27,104.12,172.51,104.71,147.02,118.2,147.56,159.76,146.88,146.01
40238.0,111.33,173.88,162.86,141.36,128.46,180.31,148.18,139.33,107.26,125.36,155.79,70.26,122.32,116.37,103.69,172.44,106.78,147.15,118.4,147.16,160.04,147.01,145.96
40269.0,111.66,174.26,162.8,141.87,129.09,182.27,147.41,139.13,107.75,124.64,156.49,70.51,125.08,116.92,103.78,172.15,106.48,148.45,119.25,146.39,160.12,147.15,146.4
40299.0,111.58,175.23,163.37,141.5,128.32,183.08,147.37,138.86,107.88,124.23,156.47,70.23,125.95,116.05,103.11,172.35,105.79,147.92,119.4,146.19,160.29,147.25,146.39
40330.0,110.71,174.8,162.84,140.61,127.4,183.93,147.22,137.71,107.46,124.11,155.71,70.31,125.62,115.74,102.01,172.58,105.36,147.49,118.97,144.91,160.19,147.04,145.62
40360.0,109.3,174.16,162.7,139.75,126.13,183.55,146.45,135.93,106.43,123.16,155.16,69.98,123.32,115.08,100.72,172.88,104.67,145.69,118.03,144.34,159.64,146.31,144.82
40391.0,107.49,172.76,161.45,138.98,125.53,182.65,145.51,134.68,105.16,121.96,154.33,69.27,122.11,114.46,100.2,171.79,103.79,144.24,116.75,143.13,158.67,145.33,143.77
40422.0,106.1,172.63,160.29,138.58,125.19,182.46,144.12,134.12,103.71,120.38,153.23,68.19,119.48,113.99,100.27,171.17,101.96,142.01,115.73,142.68,157.89,144.39,142.89
40452.0,104.87,172.43,158.64,137.02,125.27,182.83,143.33,133.81,102.48,118.93,152.83,67.61,118.28,113.6,99.87,169.18,101.19,140.32,115.42,141.54,156.94,143.45,142.44
40483.0,103.98,172.52,159.63,136.78,124.7,183.29,143.14,133.18,101.5,118.14,152.93,67.25,117.03,113.81,100.02,168.68,99.84,139.17,115.21,140.98,156.78,143.12,142.12
40513.0,102.94,171.36,159.55,136.72,124.99,184.02,142.82,131.24,101.44,117.95,153.55,67.67,116.62,113.58,99.3,168.26,100.87,138.58,115.97,139.84,156.47,142.85,142.06
40544.0,102.39,171.59,159.34,136.53,124.98,184.33,141.55,130.69,102.72,117.65,154.29,67.99,114.75,113.01,99.43,167.24,101.16,138.18,116.31,138.38,156.14,142.54,141.63
40575.0,102.28,171.17,157.77,135.15,124.77,184.29,139.53,130.25,104.1,117.2,153.28,68.55,113.23,112.34,99.02,166.78,101.72,136.97,116.71,136.93,155.61,142.06,140.89
40603.0,101.79,171.04,156.48,134.39,123.49,182.74,139.35,129.47,104.04,116.33,151.73,67.99,110.59,110.45,98.21,165.83,100.25,135.98,115.19,136.27,154.87,141.38,140.17
40634.0,101.58,170.47,155.76,133.86,123.72,181.21,139.15,128.19,103.81,114.29,149.88,67.27,110.97,111.09,97.33,167.39,99.62,134.85,114.25,136.36,154.5,140.96,140.05
40664.0,100.73,169.34,154.88,133.38,123.85,180.8,139.4,127.37,102.59,114.14,151.31,67.55,111.25,111.48,96.24,166.98,98.96,134.41,113.68,135.72,154.03,140.49,139.89
40695.0,100.27,168.58,154.03,132.63,124.18,180.62,139.43,127.35,101.8,114.59,152.31,69.57,111.91,112.07,95.8,166.33,98.73,133.25,113.88,135.4,153.79,140.37,139.69
40725.0,99.58,167.83,153.05,131.73,123.44,181.4,139.41,127.1,100.77,114.46,151.94,71.21,112.43,111.65,95.23,167.03,99.03,133.22,114.22,134.69,153.49,140.13,139.47
40756.0,99.27,166.6,152.54,131.44,123.59,181.44,138.69,126.62,98.24,114.38,151.42,71.12,111.93,111.29,94.36,166.52,98.88,133.18,114.59,134.28,153.04,139.71,139.09
40787.0,99.33,165.39,151.73,130.46,123.53,182.42,138.37,125.17,93.52,113.93,151.3,71.56,111.84,111.48,92.97,166.37,98.92,133.84,114.77,133.29,152.46,139.1,138.49
40817.0,99.66,163.99,151.54,130.79,124.16,180.89,137.68,125.67,90.58,113.15,151.34,70.96,111.54,111.15,91.42,164.91,98.85,133.6,114.87,132.86,151.65,138.36,137.84
40848.0,100.46,163.39,151.03,129.49,124.53,180.83,137.04,125.23,89.73,111.32,150.62,70.88,111.81,110.58,90.98,164.1,98.82,132.64,114.45,132.19,150.85,137.7,137.11
40878.0,101.95,162.74,150.93,129.54,124.58,179.63,137.64,125.92,88.72,110.5,149.63,70.19,111.75,110.24,90.63,162.91,98.55,133.31,114.48,132.29,150.18,137.22,136.75
40909.0,103.76,162.51,151.09,128.72,125.15,180.13,139.11,125.86,87.6,109.99,150.06,70.81,112.85,110.11,90.43,162.22,97.5,132.48,114.85,133.08,149.9,137.12,136.85
40940.0,105.59,162.55,151.77,129.97,125.33,178.92,140.91,126.64,86.31,109.28,149.77,70.97,114.28,110.78,90.62,161.44,97.3,132.98,115.58,133.21,150.0,137.14,137.29
40969.0,107.83,162.85,152.28,130.36,126.53,181.41,142.97,127.84,85.74,108.38,150.29,71.3,114.57,111.63,90.78,161.06,97.7,132.17,116.84,134.5,150.42,137.82,138.3
41000.0,110.06,164.18,152.9,131.84,127.18,183.61,143.33,129.28,86.07,108.02,149.87,70.92,115.48,112.31,91.63,161.44,98.46,133.53,117.33,135.04,151.03,138.41,139.36
41030.0,112.11,165.8,153.03,133.89,128.25,185.85,143.94,130.48,87.55,110.6,150.9,73.16,116.18,112.5,93.11,161.99,99.47,134.95,117.94,136.33,152.29,139.67,140.18
41061.0,114.06,167.3,153.6,136.31,129.21,186.99,145.31,131.48,89.3,112.36,152.24,75.05,118.14,112.97,93.98,162.62,99.92,137.11,118.05,137.59,153.65,141.03,140.8
41091.0,116.09,168.43,154.34,137.84,130.14,187.27,146.61,131.71,90.54,112.97,153.24,76.01,119.69,113.56,94.24,162.44,99.64,137.36,118.43,138.54,154.17,141.62,141.29
41122.0,117.99,170.13,155.44,138.41,130.54,187.63,147.87,131.83,92.12,112.18,153.97,76.7,120.16,114.38,95.15,162.59,100.08,137.89,118.82,138.67,154.88,142.37,141.94
41153.0,119.67,172.08,158.04,140.26,131.87,187.81,148.74,132.51,93.59,112.01,154.07,77.26,121.46,114.47,96.53,162.59,100.31,138.65,119.84,139.64,155.66,143.23,142.68
41183.0,121.48,174.25,160.66,142.64,132.78,188.26,149.52,133.07,95.02,111.69,153.83,78.68,121.9,114.8,99.18,162.68,100.83,140.44,120.25,140.51,156.76,144.31,143.51
41214.0,123.54,176.18,163.19,146.14,134.27,188.8,150.87,133.9,96.69,112.43,154.04,79.69,123.77,115.38,100.17,162.14,100.82,141.59,121.17,142.18,157.82,145.43,144.66
41244.0,125.58,179.51,164.87,148.31,135.25,190.21,152.44,135.1,97.65,113.15,155.04,80.95,125.42,116.33,102.44,162.61,101.62,142.01,121.9,143.37,159.4,146.92,145.79
41275.0,127.86,182.28,166.01,151.49,136.54,191.03,154.21,137.47,99.5,113.9,156.2,82.04,127.13,117.41,104.28,163.02,102.09,143.68,122.88,144.73,160.82,148.36,147.35
41306.0,129.89,185.68,167.27,154.76,137.75,191.31,155.67,139.41,100.71,115.16,157.7,82.1,128.79,118.21,106.44,164.29,102.75,145.56,123.74,145.76,162.97,149.96,148.83
41334.0,131.89,189.95,170.77,159.29,138.8,195.36,158.3,142.82,102.12,116.93,160.27,85.14,128.87,120.0,109.43,164.11,103.11,149.03,124.69,148.78,165.51,152.62,150.58
41365.0,133.49,194.75,175.31,163.23,139.73,196.78,161.68,143.81,103.85,118.25,161.96,86.4,132.27,120.92,112.01,165.61,103.51,150.66,125.92,150.35,168.13,154.88,151.85
41395.0,135.07,197.4,179.44,166.39,140.64,197.73,164.21,144.6,104.99,119.92,162.07,88.15,132.32,121.32,114.72,166.48,103.38,151.73,126.85,152.45,169.94,156.45,152.83
41426.0,136.51,200.4,183.07,169.35,141.39,197.58,166.54,146.02,106.12,120.34,162.44,88.25,131.62,121.67,117.22,167.13,103.72,153.16,127.6,153.73,171.58,157.84,153.79
41456.0,138.04,203.4,185.82,171.95,142.76,198.49,166.57,148.2,107.15,121.6,162.84,88.74,131.03,121.8,120.07,167.51,103.57,154.11,128.5,155.69,172.88,158.98,155.0
41487.0,140.02,206.99,188.9,173.62,143.79,199.38,167.85,150.41,109.06,121.84,163.69,89.26,132.32,122.69,122.92,168.25,103.57,155.85,129.57,156.9,174.56,160.57,156.4
41518.0,142.03,209.58,191.06,176.38,144.99,200.98,170.04,151.8,111.07,122.81,165.59,90.54,133.67,123.28,124.66,169.27,104.89,157.34,130.7,158.08,176.26,162.22,157.88
41548.0,143.51,212.71,192.33,177.8,145.42,202.32,173.2,153.32,113.08,123.9,167.06,92.26,135.83,124.5,126.05,170.67,105.02,158.16,131.92,158.99,178.14,163.97,159.14
41579.0,144.26,214.41,193.66,180.23,146.21,203.65,175.85,155.01,114.64,124.96,169.17,93.46,136.78,124.79,127.57,171.95,105.71,159.38,133.27,159.86,179.76,165.43,160.28
41609.0,144.87,216.07,194.5,181.93,147.49,205.76,177.77,156.55,115.45,126.0,170.06,94.45,137.63,125.47,128.62,172.73,105.15,160.73,134.38,161.27,181.05,166.66,161.57
41640.0,145.53,216.73,198.3,186.63,148.77,207.29,179.76,158.02,116.19,126.32,170.5,94.9,139.06,125.94,130.26,173.96,106.18,162.79,135.24,161.99,182.55,168.0,162.86
41671.0,146.08,219.67,200.61,189.98,150.31,208.67,180.63,158.14,116.99,127.66,171.14,94.84,140.57,126.11,131.1,174.37,105.83,164.95,136.3,164.51,184.43,169.29,164.04
41699.0,146.4,221.96,202.93,193.1,151.39,211.72,183.84,158.06,118.24,130.64,173.23,98.31,143.45,125.95,132.47,174.79,107.07,166.47,137.13,166.01,186.37,171.48,164.12
41730.0,146.38,221.98,202.23,193.16,152.14,210.28,185.22,158.28,117.93,130.99,176.54,99.12,144.29,126.19,133.01,174.65,106.41,167.45,137.65,167.16,186.35,171.59,163.96
41760.0,146.06,221.6,201.88,192.26,152.2,208.99,185.63,159.19,116.59,130.09,175.48,98.63,143.33,126.88,134.0,174.27,105.83,166.89,137.7,166.62,185.8,171.02,163.65
41791.0,145.99,221.52,201.48,191.56,152.28,207.82,185.58,159.16,115.13,128.4,173.85,97.26,140.45,126.18,134.99,174.13,104.61,167.11,137.83,166.88,185.42,170.53,163.44
41821.0,145.97,221.62,201.22,189.62,152.3,206.14,184.88,158.91,114.28,126.37,172.22,96.17,138.17,126.27,135.39,173.9,104.51,166.63,138.05,166.74,184.5,169.67,163.69
