TX-Dallas,CO-Denver,MA-Boston,Composite-20,CA-San Francisco,FL-Tampa,DC-Washington,Composite-10,CA-Los Angeles,Date,AZ-Phoenix,CA-San Diego,MI-Detroit,National-US,MN-Minneapolis,GA-Atlanta,WA-Seattle,NV-Las Vegas,IL-Chicago,OR-Portland,FL-Miami,NY-New York,NC-Charlotte,OH-Cleveland
,50.35,70.27,,46.96,77.44,64.41,63.1,59.43,1/1/1987,,54.79,,63.99,,,,66.42,54.21,41.3,68.55,74.68,63.56,54.06
,50.16,70.64,,47.3,78.1,65.13,63.8,59.89,2/1/1987,,55.22,,64.45,,,,67.57,55.23,41.44,68.92,76.04,64.03,54.23
,50.38,71.05,,47.84,77.69,66.0,64.43,60.4,3/1/1987,,55.49,,64.76,,,,67.85,54.81,41.42,69.39,77.24,64.11,54.37
,50.74,71.41,,47.98,77.82,66.64,65.06,61.32,4/1/1987,,56.05,,65.16,,,,68.19,54.8,41.27,69.46,78.28,64.89,54.16
,50.76,71.88,,48.31,77.97,67.44,65.82,62.03,5/1/1987,,56.46,,65.59,,,,67.93,55.48,41.4,69.75,79.68,65.22,54.73
,50.43,72.3,,48.61,78.68,68.52,66.48,62.78,6/1/1987,,56.79,,66.09,,,,66.8,56.06,41.43,69.47,80.84,65.56,54.88
,50.2,72.62,,49.08,78.99,69.39,67.12,63.46,7/1/1987,,57.08,,66.52,,,,65.76,57.11,41.56,69.64,81.7,65.72,55.29
,50.12,73.16,,49.54,78.95,70.25,67.71,64.13,8/1/1987,,57.38,,66.95,,,,65.03,57.61,41.6,69.8,82.22,65.87,55.44
,50.06,73.75,,50.24,79.04,71.4,68.35,64.89,9/1/1987,,57.84,,67.34,,,,65.28,58.27,41.54,70.57,82.38,66.27,55.84
,50.15,74.01,,50.99,78.87,72.32,68.99,65.77,10/1/1987,,58.3,,67.76,,,,65.51,59.01,41.63,71.02,83.16,66.59,56.13
,49.73,74.42,,51.64,79.02,73.16,69.57,66.71,11/1/1987,,58.9,,68.12,,,,66.53,59.71,41.57,71.42,83.68,67.12,56.46
,49.85,74.58,,52.23,79.36,73.59,70.31,67.78,12/1/1987,,59.4,,68.53,,,,66.49,61.08,41.8,71.46,84.5,67.38,56.61
,49.55,74.66,,52.7,79.5,74.4,70.76,68.78,1/1/1988,,60.02,,68.88,,,,66.7,61.97,41.84,71.68,84.32,67.78,56.99
,49.49,74.59,,53.2,79.43,75.29,71.24,69.71,2/1/1988,,60.49,,69.28,,,,66.43,63.45,41.66,71.83,84.49,67.53,57.22
,49.06,74.48,,53.87,79.24,76.39,71.74,70.7,3/1/1988,,61.28,,69.66,,,,66.76,64.51,42.24,72.35,84.48,67.96,57.9
,48.74,74.53,,54.53,79.66,77.3,72.2,71.48,4/1/1988,,61.44,,69.99,,,,67.43,65.15,42.43,72.72,84.69,67.93,58.07
,48.35,74.81,,56.07,79.95,78.38,72.76,72.48,5/1/1988,,61.85,,70.43,,,,67.58,65.57,42.74,73.1,84.76,67.99,58.26
,48.17,75.0,,57.88,80.18,79.34,73.5,74.39,6/1/1988,,61.44,,70.89,,,,67.53,66.46,42.71,73.71,84.6,68.13,58.96
,48.22,75.03,,58.17,80.51,80.78,74.34,76.92,7/1/1988,,64.59,,71.36,,,,67.65,66.55,42.84,74.11,84.5,68.57,59.22
,48.25,74.84,,58.5,80.71,81.93,75.09,78.67,8/1/1988,,65.29,,71.81,,,,67.95,67.75,43.2,74.68,84.59,69.42,59.63
,48.21,74.71,,58.94,80.63,83.16,75.82,80.61,9/1/1988,,66.08,,72.25,,,,68.46,68.02,43.43,75.25,84.58,69.71,59.89
,48.03,74.6,,59.95,80.73,83.67,76.43,82.38,10/1/1988,,67.18,,72.65,,,,68.46,69.03,43.74,75.6,84.48,69.89,60.34
,47.75,74.64,,61.11,80.61,84.63,77.08,84.41,11/1/1988,,68.43,,73.08,,,,68.14,68.65,43.95,75.96,84.49,69.64,60.73
,47.44,74.7,,62.47,80.9,85.93,77.68,85.82,12/1/1988,,69.83,,73.48,,,,67.83,68.51,44.21,76.22,84.38,69.85,61.31
,47.47,74.52,,63.29,80.56,86.87,78.33,87.47,1/1/1989,67.57,71.17,,73.96,63.49,,,68.78,68.33,44.48,76.58,84.48,69.92,62.0
,47.45,75.17,,64.06,80.99,87.8,78.9,88.77,2/1/1989,67.62,72.76,,74.39,63.15,,,69.64,69.01,44.8,76.99,84.27,70.33,62.07
,47.53,75.55,,65.56,81.61,88.62,79.82,91.15,3/1/1989,67.92,74.48,,74.79,62.69,,,70.48,70.07,45.0,77.18,84.19,70.62,62.17
,47.47,75.39,,66.7,81.97,89.33,80.44,93.01,4/1/1989,67.97,75.81,,75.09,63.08,,,70.0,70.65,45.35,77.55,83.88,70.88,61.97
,47.6,75.04,,67.7,82.35,89.78,80.83,94.57,5/1/1989,68.07,77.05,,75.31,63.18,,,69.79,70.51,45.61,77.57,83.49,71.22,62.64
,47.61,74.52,,68.78,81.96,90.2,81.07,95.51,6/1/1989,67.7,78.14,,75.48,63.74,,,71.55,70.52,46.02,77.81,82.95,71.48,62.83
,47.5,74.18,,69.59,81.87,90.71,81.14,96.25,7/1/1989,67.34,79.03,,75.66,63.56,,,71.77,70.33,46.26,78.04,82.17,71.66,63.27
,47.48,73.44,,70.72,81.24,91.37,81.4,96.66,8/1/1989,66.95,80.1,,75.84,63.8,,,72.39,70.37,46.59,78.26,81.94,71.61,63.88
,47.6,73.01,,71.59,81.67,91.93,81.62,97.2,9/1/1989,66.82,81.1,,76.06,63.89,,,72.79,70.18,46.93,78.25,81.54,71.68,64.31
,47.9,72.72,,72.43,81.94,92.19,81.94,97.88,10/1/1989,66.56,82.06,,76.29,64.12,,,73.46,70.06,47.35,78.38,81.79,71.82,64.72
,48.11,72.99,,73.02,82.3,92.38,82.23,99.0,11/1/1989,66.49,82.71,,76.52,64.4,,,74.26,69.87,47.76,78.32,81.55,72.29,64.57
,48.21,73.0,,73.39,82.15,92.84,82.47,99.77,12/1/1989,66.5,83.57,,76.71,64.39,,,74.86,69.68,48.71,78.72,81.34,72.58,65.2
,48.24,73.1,,73.64,82.43,93.36,82.65,100.47,1/1/1990,66.58,84.08,,76.9,64.22,,58.89,75.56,69.36,49.65,79.17,81.04,72.84,65.37
,48.36,72.87,,73.82,82.74,93.66,82.73,100.76,2/1/1990,66.7,84.74,,77.05,64.01,,60.96,75.64,68.7,50.57,79.67,80.98,73.01,65.98
,48.5,72.19,,74.6,83.12,93.61,82.76,100.99,3/1/1990,66.64,85.13,,77.2,64.23,,62.95,76.6,68.9,50.77,79.53,80.81,73.16,66.3
,48.52,71.65,,75.07,82.75,93.59,82.68,100.99,4/1/1990,66.78,85.55,,77.28,64.47,,65.46,77.27,69.48,51.46,79.44,80.21,73.46,66.92
,48.47,70.69,,75.02,82.72,93.11,82.33,100.39,5/1/1990,66.59,85.74,,77.3,64.6,,66.55,77.85,70.0,52.07,79.68,79.55,73.6,67.06
,48.58,69.99,,74.59,82.44,92.63,81.99,100.11,6/1/1990,66.6,85.75,,77.26,64.58,,67.42,78.73,70.25,53.39,79.86,78.93,74.04,67.61
,48.66,69.36,,74.05,82.63,92.23,81.57,99.51,7/1/1990,66.4,85.59,,77.14,64.34,,67.58,79.65,70.66,54.43,80.03,78.3,73.92,67.92
,48.67,68.9,,73.75,82.43,91.84,81.17,99.05,8/1/1990,66.26,85.34,,77.0,64.08,,67.85,80.58,70.58,55.56,79.87,77.55,73.99,68.24
,48.76,68.6,,73.48,82.08,91.43,80.77,98.43,9/1/1990,65.94,85.22,,76.84,64.15,,67.51,81.0,70.94,56.63,79.67,76.68,73.89,68.38
,48.67,68.08,,72.91,81.67,91.26,80.36,98.0,10/1/1990,65.81,84.92,,76.7,64.42,,67.25,81.55,70.72,57.01,79.44,76.31,73.92,68.47
,48.75,67.12,,72.37,81.51,91.01,79.91,97.11,11/1/1990,65.38,84.65,,76.36,64.39,,66.93,81.38,70.96,57.09,79.55,75.88,73.5,68.68
,48.73,66.19,,71.86,81.78,90.94,79.52,96.55,12/1/1990,65.45,84.03,,76.18,64.54,,66.77,81.7,70.75,56.82,79.35,75.62,73.51,68.79
,48.94,65.31,,71.94,81.94,89.71,78.87,95.57,1/1/1991,65.28,83.48,58.42,75.91,64.62,69.62,66.26,81.09,70.84,56.78,79.02,74.74,73.43,68.81
,48.98,64.75,,71.13,82.12,89.26,78.34,94.7,2/1/1991,65.48,82.56,58.13,75.74,64.54,69.47,65.61,82.06,71.1,57.32,78.72,74.11,73.35,68.81
,49.06,64.45,,70.61,81.55,88.21,77.71,93.77,3/1/1991,64.79,81.6,58.15,75.58,64.41,69.32,65.13,82.15,70.94,58.63,78.73,73.58,72.96,69.06
,49.31,64.03,,69.91,81.55,87.92,77.45,93.74,4/1/1991,64.63,81.21,58.22,75.57,64.29,69.72,65.45,82.24,71.24,58.77,78.74,73.05,73.18,69.5
,49.55,64.09,,70.01,81.28,88.65,77.6,93.91,5/1/1991,64.51,81.53,58.51,75.77,64.63,69.8,65.75,82.35,71.4,59.07,78.24,73.09,73.37,69.89
,49.89,64.06,,70.28,81.66,88.94,77.81,94.06,6/1/1991,64.93,81.89,58.81,76.0,64.83,70.05,66.07,82.27,71.32,59.33,78.52,73.46,73.43,70.18
,50.33,64.01,,70.66,81.72,88.99,78.09,94.28,7/1/1991,65.32,82.1,59.04,76.08,65.39,69.91,66.25,83.34,71.58,59.58,78.63,73.91,73.37,70.55
,50.51,64.1,,70.83,81.89,88.61,78.25,94.26,8/1/1991,65.56,81.94,59.19,76.11,65.68,70.09,66.34,83.64,71.79,59.72,79.39,74.24,73.23,70.65
,50.65,64.14,,70.82,81.52,88.49,78.27,94.09,9/1/1991,65.74,81.66,59.29,76.2,66.0,70.04,66.41,84.86,71.97,59.81,79.07,74.39,73.2,70.97
,50.83,64.11,,70.71,81.4,88.42,78.24,93.88,10/1/1991,65.72,81.66,59.54,76.07,65.64,70.14,66.17,82.99,72.18,60.29,79.1,74.56,73.41,71.07
,51.04,63.86,,70.53,81.58,88.67,78.15,93.47,11/1/1991,66.08,81.45,59.63,76.02,65.67,70.12,66.18,81.58,72.37,60.38,79.07,74.62,73.68,71.22
,51.32,63.81,,70.45,81.81,88.47,78.15,93.14,12/1/1991,66.04,81.34,59.76,76.05,65.87,70.01,66.08,82.83,73.01,61.22,78.98,74.77,73.83,71.25
,51.52,63.56,,70.4,81.68,88.57,78.07,92.79,1/1/1992,66.04,80.86,59.75,76.09,66.09,70.07,66.32,83.04,73.43,61.67,79.03,74.76,73.67,71.69
,52.28,63.56,,70.34,80.76,88.22,78.08,92.57,2/1/1992,66.07,80.57,59.84,76.16,66.54,70.17,66.48,83.5,73.72,61.99,78.66,74.82,73.66,72.06
,53.07,63.81,,70.19,80.42,88.64,78.01,91.91,3/1/1992,66.11,80.69,60.08,76.28,66.77,70.23,66.81,83.12,73.89,62.17,78.93,74.96,73.51,72.64
,53.58,64.4,,69.69,80.72,88.84,77.95,91.44,4/1/1992,66.09,80.68,60.53,76.35,66.94,70.22,67.24,83.01,73.23,62.12,79.17,75.17,73.55,72.55
,53.8,64.35,,69.73,81.04,88.98,77.89,90.87,5/1/1992,66.14,80.45,60.78,76.4,66.97,70.39,67.3,83.21,73.42,62.37,79.66,75.15,73.55,72.64
,53.95,64.15,,69.49,81.13,88.87,77.7,90.17,6/1/1992,66.13,79.91,60.84,76.34,67.2,70.5,67.32,83.13,74.13,62.47,79.79,75.06,73.54,72.77
,54.14,63.94,,69.27,80.63,88.5,77.43,89.49,7/1/1992,66.1,79.57,60.9,76.27,67.26,71.08,67.32,82.77,74.9,62.59,78.06,74.96,73.87,72.86
,54.39,63.97,,68.96,80.39,88.48,77.31,88.93,8/1/1992,66.17,79.27,61.05,76.24,67.39,71.14,67.11,82.4,74.98,63.06,77.82,75.11,74.05,73.17
,54.72,63.9,,68.81,80.34,88.41,77.15,88.32,9/1/1992,66.24,79.04,61.25,76.25,67.41,71.29,66.9,82.47,75.23,63.49,77.46,75.09,74.42,73.46
,54.82,64.03,,68.83,81.31,88.59,77.03,87.36,10/1/1992,66.43,78.16,61.24,76.39,67.7,71.03,67.43,82.96,75.55,63.94,79.33,75.05,74.25,73.79
,55.24,64.03,,68.75,81.7,88.67,76.96,86.64,11/1/1992,66.5,77.92,61.27,76.57,67.93,71.36,67.59,83.31,75.91,64.67,79.5,75.19,74.34,74.08
,55.6,64.47,,68.58,81.58,88.81,76.86,85.82,12/1/1992,66.68,77.48,61.42,76.69,68.05,71.43,67.85,82.89,75.85,64.93,79.85,75.4,74.47,74.38
,56.13,64.86,,68.45,81.51,89.07,76.89,85.25,1/1/1993,66.87,77.65,61.56,76.79,68.16,71.53,68.21,82.56,76.01,65.22,79.85,75.74,74.67,74.79
,56.43,64.95,,68.29,81.54,89.28,76.85,84.66,2/1/1993,67.02,76.99,61.68,76.85,68.02,71.53,68.65,83.01,76.01,65.42,80.04,75.89,74.82,74.8
,56.95,64.82,,68.07,82.1,89.44,76.6,83.62,3/1/1993,67.37,76.62,61.7,76.88,68.53,71.75,68.79,83.2,76.22,65.86,80.02,75.99,74.79,74.95
,57.15,64.71,,67.99,82.49,88.94,76.4,82.79,4/1/1993,67.53,75.91,61.93,76.94,68.89,72.23,68.29,82.8,76.32,66.56,80.33,76.07,74.73,75.0
,57.57,64.83,,67.76,82.59,88.48,76.27,82.04,5/1/1993,67.85,75.55,62.25,77.04,69.3,72.63,67.86,81.96,76.69,67.09,80.96,76.14,74.73,75.38
,58.18,65.15,,67.47,82.29,88.65,76.26,81.43,6/1/1993,67.99,75.05,62.67,77.25,69.3,72.83,67.58,81.92,77.29,67.76,81.35,76.33,75.07,75.65
,58.81,65.52,,66.93,82.27,88.82,76.09,80.57,7/1/1993,68.3,74.49,62.96,77.44,69.57,73.12,67.55,81.99,77.55,68.17,81.8,76.32,75.29,75.99
,59.53,65.73,,66.95,82.61,88.92,75.9,79.48,8/1/1993,68.45,74.18,63.23,77.62,69.86,73.27,68.01,82.4,77.63,68.23,82.03,76.28,75.36,76.11
,60.14,65.85,,66.83,83.36,88.79,75.87,79.05,9/1/1993,68.99,74.27,63.4,77.81,70.49,73.58,68.72,82.88,77.81,68.68,82.35,76.33,75.42,76.58
,60.84,65.88,,66.77,83.67,88.62,75.81,78.38,10/1/1993,69.29,74.26,63.77,77.96,70.81,73.77,69.15,83.14,78.11,69.22,82.61,76.5,75.72,76.99
,61.43,66.22,,66.72,83.44,88.51,75.9,78.23,11/1/1993,69.8,74.31,64.18,78.16,71.22,73.99,69.66,83.74,78.43,70.12,82.48,76.74,76.32,77.65
,62.24,66.52,,66.63,82.88,88.84,75.91,77.57,12/1/1993,70.13,74.11,64.39,78.34,71.21,74.37,69.9,83.8,79.11,70.66,82.71,76.8,76.86,78.26
,62.82,66.82,,66.63,82.94,88.99,76.06,77.4,1/1/1994,70.6,74.27,64.53,78.61,71.92,74.76,70.57,83.97,80.19,71.12,83.36,76.85,77.14,78.78
,63.48,67.07,,66.65,83.49,89.02,76.23,77.44,2/1/1994,71.03,74.11,64.66,78.74,72.37,75.36,70.41,83.76,80.17,71.59,84.35,76.91,77.29,79.03
,63.94,67.47,,67.32,83.96,89.31,76.41,77.26,3/1/1994,71.43,74.01,65.08,78.87,73.23,75.47,70.38,84.08,80.08,72.23,85.17,77.24,77.45,79.14
,64.55,68.03,,67.42,83.91,89.48,76.58,77.09,4/1/1994,71.92,74.02,65.26,79.01,73.14,75.52,70.66,84.4,80.2,72.73,85.07,77.59,77.68,79.16
,65.05,67.93,,67.54,83.98,89.79,76.69,76.67,5/1/1994,72.22,74.25,65.62,79.24,73.14,75.78,71.22,85.44,80.57,73.42,85.06,77.97,77.87,79.52
,65.61,68.13,,67.61,83.96,90.09,76.77,76.44,6/1/1994,72.48,74.44,65.96,79.44,72.91,76.05,71.41,85.93,80.62,73.86,85.29,78.06,78.2,79.72
,65.96,68.16,,67.64,84.71,90.18,76.87,76.41,7/1/1994,72.87,74.55,66.38,79.61,72.67,76.4,71.48,86.29,80.66,74.55,85.65,78.24,78.62,79.91
,66.3,68.29,,67.68,85.02,90.08,76.94,76.41,8/1/1994,73.27,74.19,66.73,79.8,72.76,76.58,71.37,86.07,80.91,75.08,86.0,78.34,79.14,80.15
,66.52,68.44,,67.54,85.09,90.05,76.97,76.43,9/1/1994,73.77,73.71,67.04,79.94,72.83,76.69,71.47,86.17,81.18,75.63,86.16,78.41,79.6,80.31
,66.86,68.66,,67.79,84.81,90.04,77.1,76.55,10/1/1994,74.14,73.73,67.32,80.08,73.03,77.13,71.7,86.28,81.62,75.82,86.26,78.45,79.79,80.67
,67.18,68.79,,68.05,84.83,90.14,77.13,76.47,11/1/1994,74.45,73.46,67.5,80.17,73.18,77.57,72.0,86.54,81.72,76.08,86.52,78.38,79.89,81.12
,67.57,68.78,,68.31,85.29,89.95,77.21,76.39,12/1/1994,74.9,73.44,67.94,80.32,72.9,78.04,72.12,87.22,81.86,76.32,86.84,78.49,80.23,81.35
,67.95,68.79,,68.42,85.98,89.67,77.2,76.38,1/1/1995,75.22,73.05,68.97,80.45,73.34,78.23,72.5,87.32,81.88,77.16,86.92,78.57,80.68,81.6
,68.31,69.01,,68.32,85.88,89.6,77.28,76.02,2/1/1995,75.6,73.16,70.83,80.55,73.96,78.54,72.0,87.59,82.15,77.55,86.71,78.78,81.22,81.6
,68.6,69.13,,67.73,85.71,89.4,77.06,75.78,3/1/1995,75.67,73.0,70.74,80.62,74.78,78.58,71.96,87.74,82.28,78.4,86.75,78.57,81.25,81.84
,68.73,68.98,,67.41,85.72,89.13,76.88,75.36,4/1/1995,75.92,72.92,70.19,80.69,75.12,78.61,71.55,88.27,82.35,78.16,86.71,78.45,81.59,82.22
,69.16,69.09,,67.11,85.85,88.93,76.77,75.12,5/1/1995,76.22,72.53,70.27,80.73,75.43,78.58,71.57,88.15,82.32,78.4,86.82,78.43,81.82,82.49
,69.37,69.39,,66.92,86.41,88.67,76.66,74.56,6/1/1995,76.79,72.1,70.56,80.81,75.58,78.63,71.43,88.03,82.52,79.16,86.96,78.43,82.38,83.24
,69.82,69.7,,66.96,86.61,88.57,76.7,74.5,7/1/1995,77.14,72.09,70.91,80.96,75.82,78.93,71.98,87.92,82.85,79.9,86.95,78.45,82.89,83.14
,70.16,70.03,,67.02,86.85,88.65,76.75,74.28,8/1/1995,77.45,72.14,71.37,81.14,76.06,79.32,72.34,88.33,83.11,80.91,87.26,78.44,83.43,83.66
,70.7,70.12,,67.11,86.92,88.8,76.82,74.19,9/1/1995,77.6,72.19,71.94,81.33,76.23,79.68,72.61,88.65,83.43,81.25,87.24,78.51,84.08,83.87
,71.06,70.14,,66.97,87.1,88.76,76.86,74.09,10/1/1995,78.02,72.11,72.39,81.51,75.7,79.98,72.8,88.92,83.51,81.78,87.45,78.67,84.5,84.34
,71.36,70.11,,66.91,87.27,88.65,76.88,74.03,11/1/1995,78.39,71.7,72.89,81.65,75.9,80.17,72.96,89.01,83.88,81.97,87.39,78.74,84.9,84.44
,71.64,70.27,,66.85,87.13,88.64,76.92,73.94,12/1/1995,78.86,71.81,73.21,81.77,76.14,80.47,73.24,89.13,83.96,82.68,87.52,78.85,85.28,84.62
,71.74,70.68,,66.88,87.22,88.66,76.99,73.92,1/1/1996,79.26,71.89,73.58,81.87,76.53,80.8,73.17,89.19,84.26,83.2,87.43,78.95,85.56,84.61
,71.96,70.96,,66.9,87.39,88.54,77.12,73.84,2/1/1996,79.71,72.04,74.15,81.99,76.7,81.28,73.28,89.5,83.92,84.01,87.52,79.22,86.07,85.05
,72.34,71.39,,66.81,87.86,88.61,77.17,73.86,3/1/1996,80.08,71.76,74.71,82.23,76.82,81.38,73.74,89.44,84.02,84.48,87.16,79.5,87.28,85.61
,72.9,71.66,,66.69,88.0,88.87,77.34,73.86,4/1/1996,80.48,71.82,75.41,82.45,76.73,81.66,73.92,89.77,84.83,85.21,87.34,79.61,87.99,86.24
,73.33,71.82,,66.78,87.93,88.87,77.47,74.0,5/1/1996,80.77,71.96,75.97,82.64,76.91,81.82,73.9,89.82,85.06,85.79,87.47,79.78,88.6,86.38
,73.34,72.08,,67.02,87.88,88.78,77.47,74.15,6/1/1996,81.02,71.83,76.51,82.79,77.34,82.07,74.01,90.22,85.21,86.26,87.57,79.37,88.38,86.61
,73.53,72.44,,67.22,87.76,88.71,77.51,74.11,7/1/1996,81.34,71.72,77.04,82.96,77.89,82.09,73.99,90.22,85.18,86.67,87.83,79.43,88.18,87.0
,73.54,72.93,,67.54,87.9,88.64,77.61,74.05,8/1/1996,81.61,71.39,77.59,83.12,78.15,82.41,74.45,90.11,85.31,86.98,87.84,79.56,88.28,87.27
,73.9,73.02,,67.8,87.79,88.68,77.75,74.0,9/1/1996,81.86,71.71,78.02,83.29,78.47,82.74,74.28,89.81,85.54,87.95,87.98,79.76,88.22,87.48
,74.26,73.32,,68.26,88.21,88.82,77.95,74.18,10/1/1996,82.07,71.83,78.58,83.41,78.85,83.04,74.68,89.66,85.81,89.0,87.94,79.89,88.46,87.62
,74.74,73.48,,68.94,88.29,88.92,78.18,74.42,11/1/1996,82.3,72.15,78.96,83.59,79.3,83.32,74.72,89.48,86.12,90.19,88.11,79.92,88.92,87.72
,75.19,74.2,,69.21,88.72,88.67,78.38,74.52,12/1/1996,82.48,72.22,79.17,83.76,79.59,83.42,75.15,90.14,86.45,90.75,88.0,80.2,89.27,87.96
,75.39,74.61,,69.64,88.65,88.78,78.57,74.54,1/1/1997,82.8,72.56,79.35,83.99,79.98,83.7,75.73,90.78,86.52,91.24,88.06,80.44,89.73,87.68
,75.76,74.91,,69.84,88.65,88.97,78.72,74.4,2/1/1997,83.18,72.75,79.24,84.22,79.97,83.87,76.33,91.63,86.53,92.22,88.07,80.59,89.89,88.48
,76.17,75.35,,70.64,87.95,89.34,78.99,74.79,3/1/1997,83.55,72.97,80.25,84.48,79.89,84.09,76.87,91.91,86.83,93.1,88.34,80.59,90.42,88.92
,76.59,75.73,,71.26,88.44,88.92,79.25,75.27,4/1/1997,83.95,73.25,80.97,84.66,79.67,84.52,77.86,91.63,86.92,93.53,88.55,80.67,90.37,88.83
,76.94,76.13,,71.79,88.71,88.93,79.53,75.76,5/1/1997,84.27,73.49,81.73,84.9,80.39,84.96,78.78,91.5,86.89,93.66,88.67,80.95,90.55,89.0
,77.35,76.49,,72.31,88.82,88.97,79.91,76.19,6/1/1997,84.39,74.05,82.22,85.12,80.73,85.13,79.65,91.72,86.89,93.03,88.75,81.39,90.66,88.82
,77.8,76.75,,72.8,88.92,89.01,80.22,76.54,7/1/1997,84.44,74.42,82.52,85.37,82.06,85.35,80.67,92.08,87.22,93.16,88.81,81.78,91.14,89.47
,78.31,77.07,,73.57,89.23,89.12,80.61,77.16,8/1/1997,84.56,75.01,82.84,85.61,82.26,85.55,81.11,92.49,87.56,92.88,88.89,81.94,91.42,89.4
,78.44,77.44,,74.12,89.44,89.23,80.91,77.56,9/1/1997,85.03,75.38,83.48,85.89,81.76,86.09,81.69,92.59,87.97,93.17,89.17,82.06,91.91,89.97
,78.82,78.0,,75.04,89.51,89.54,81.42,78.23,10/1/1997,85.64,76.2,84.0,86.19,82.1,86.43,82.06,92.89,88.33,92.95,89.59,82.34,92.36,89.7
,79.33,78.62,,75.68,89.72,89.75,81.96,78.89,11/1/1997,86.16,76.73,84.5,86.67,82.18,86.9,82.77,92.9,88.92,93.59,89.91,82.82,92.56,90.43
,80.04,79.28,,76.5,90.09,89.97,82.59,79.91,12/1/1997,86.56,78.09,84.75,87.13,82.59,87.19,83.67,93.2,89.38,93.94,90.33,83.27,92.64,90.67
,80.65,79.9,,77.2,90.78,90.11,83.26,81.04,1/1/1998,86.92,78.98,85.18,87.66,82.87,87.63,84.48,93.24,90.19,94.09,90.73,83.73,92.68,91.25
,81.01,80.57,,77.68,91.08,90.22,83.97,82.19,2/1/1998,87.43,79.89,85.74,88.05,83.51,87.99,85.65,93.59,90.54,94.13,91.06,84.41,92.95,91.62
,81.24,81.18,,78.31,91.39,90.35,84.62,83.65,3/1/1998,87.69,81.01,86.28,88.49,83.7,88.56,86.3,94.78,90.7,94.55,91.14,84.94,93.0,91.85
,81.76,81.95,,79.13,91.49,90.55,85.19,84.4,4/1/1998,88.13,82.08,86.95,88.92,84.3,89.17,87.0,94.77,90.67,94.97,91.23,85.42,93.16,92.09
,82.42,82.79,,80.22,91.6,90.84,85.86,85.4,5/1/1998,88.59,83.09,87.59,89.4,84.83,89.75,87.58,94.54,90.99,95.34,91.45,85.99,93.6,92.42
,83.08,83.68,,81.39,91.88,91.3,86.63,86.45,6/1/1998,89.25,84.05,88.06,89.88,85.35,90.16,88.38,94.23,91.56,95.7,92.03,86.48,94.01,93.08
,83.74,84.49,,82.38,92.42,91.55,87.43,87.85,7/1/1998,89.9,85.15,88.47,90.35,85.86,90.45,89.16,94.3,91.81,96.03,92.66,87.16,94.3,93.32
,84.55,85.28,,83.52,92.67,91.78,88.14,88.93,8/1/1998,90.23,86.18,89.01,90.82,86.37,90.76,89.77,94.41,92.15,96.43,92.91,87.67,94.62,93.55
,85.25,86.2,,84.44,93.23,91.97,88.85,90.08,9/1/1998,90.62,87.13,89.45,91.3,86.77,91.09,90.48,94.79,92.27,96.77,93.07,88.23,94.9,93.75
,86.05,86.58,,84.96,93.27,92.4,89.35,90.77,10/1/1998,90.94,87.71,89.98,91.75,87.41,91.86,91.14,94.88,92.52,97.09,93.14,88.74,95.4,94.05
,86.8,86.88,,85.16,93.81,93.01,89.73,91.29,11/1/1998,91.55,88.21,90.63,92.23,88.29,92.5,91.82,95.29,92.11,97.54,93.37,89.26,95.63,94.55
,87.43,87.79,,85.4,93.79,93.51,90.14,91.78,12/1/1998,92.2,88.9,91.5,92.74,89.04,93.08,92.13,95.63,92.66,98.08,93.57,89.56,96.03,94.91
,88.49,89.24,,86.23,94.09,94.19,90.71,92.14,1/1/1999,92.75,90.11,92.43,93.25,89.91,93.59,92.71,96.25,92.94,98.74,93.95,89.86,96.36,95.44
,89.46,90.56,,87.22,94.46,94.43,91.44,92.72,2/1/1999,93.33,91.13,93.06,93.71,90.57,94.07,93.1,96.79,93.52,99.24,94.43,90.51,96.67,95.79
,90.86,91.29,,88.29,94.86,94.93,92.13,93.38,3/1/1999,94.02,91.99,93.48,94.26,91.28,94.77,93.88,96.7,93.62,98.75,95.12,91.29,97.37,96.43
,91.69,92.15,,89.09,95.47,95.52,93.05,94.38,4/1/1999,94.73,92.49,93.63,94.83,92.29,95.14,94.7,96.86,94.65,98.82,95.85,92.27,98.08,96.88
,92.55,93.0,,89.97,96.14,95.86,93.75,95.23,5/1/1999,95.12,93.09,94.22,95.39,92.93,95.79,95.43,97.34,95.43,99.11,96.18,93.0,98.45,97.2
,93.4,93.8,,91.28,96.56,96.59,94.65,96.03,6/1/1999,95.59,94.07,94.89,96.02,93.72,96.26,96.33,97.95,96.32,99.6,96.08,94.04,98.79,97.28
,94.38,95.08,,92.89,97.09,97.29,95.5,96.65,7/1/1999,96.13,94.95,95.86,96.63,94.47,96.91,96.76,98.22,96.63,99.86,96.79,94.94,99.0,97.42
,95.56,96.08,,94.28,97.45,98.01,96.38,97.18,8/1/1999,96.88,95.88,96.59,97.26,95.64,97.33,97.46,98.18,97.18,100.14,97.28,96.02,99.24,97.92
,96.96,97.2,,95.6,97.99,98.6,97.2,97.68,9/1/1999,97.62,96.96,97.41,97.91,96.99,97.79,98.2,98.58,97.75,100.34,97.89,96.79,99.52,98.3
,98.04,98.21,,96.76,98.67,98.99,97.98,98.33,10/1/1999,98.29,98.02,98.01,98.57,98.06,98.5,99.21,98.99,98.66,100.67,97.95,97.59,99.46,98.89
,98.85,99.27,,98.51,98.97,99.46,98.89,99.24,11/1/1999,98.96,99.07,98.67,99.2,98.86,99.09,100.05,99.54,99.41,100.48,98.55,98.4,99.55,99.61
,99.67,100.36,,100.03,99.68,100.09,99.87,100.33,12/1/1999,99.64,100.07,99.48,99.88,99.62,99.93,100.53,99.85,100.14,100.53,99.32,99.35,100.2,100.05
100.71,100.66,100.92,100.59,101.45,100.08,100.87,100.75,101.03,1/1/2000,100.41,101.1,100.15,100.56,100.19,100.38,101.08,100.4,100.56,100.59,99.94,100.34,100.66,100.53
103.04,101.65,101.89,101.69,104.17,100.79,101.7,101.89,102.04,2/1/2000,100.94,102.41,100.88,101.34,100.97,101.29,101.66,100.9,101.41,101.25,100.47,101.24,101.1,100.51
102.71,102.74,102.65,102.78,107.34,101.45,102.89,103.15,103.22,3/1/2000,101.72,104.09,101.37,102.13,101.63,101.68,102.94,101.44,102.43,101.56,101.09,102.06,101.14,101.17
103.28,103.54,104.35,104.0,110.63,102.31,103.95,104.53,104.16,4/1/2000,102.27,105.71,101.76,102.92,102.98,102.7,103.48,101.6,103.41,102.18,102.01,103.13,102.27,101.74
103.72,105.3,106.01,105.25,113.8,103.39,104.92,106.01,104.92,5/1/2000,102.99,107.13,102.58,103.68,104.41,103.27,104.22,102.05,104.39,102.08,102.75,104.92,102.24,102.16
103.62,106.91,107.93,106.4,116.82,104.23,105.72,107.34,105.69,6/1/2000,103.7,108.97,103.27,104.43,105.61,104.14,104.43,102.28,105.51,102.19,103.41,106.06,102.69,102.04
104.05,108.3,108.92,107.13,117.87,105.03,106.71,108.17,106.33,7/1/2000,104.08,110.32,103.99,105.05,106.39,104.32,104.94,102.67,106.03,102.4,103.7,107.02,102.25,101.93
104.36,109.3,110.13,107.86,119.05,105.41,107.79,109.07,106.97,8/1/2000,104.5,111.67,104.23,105.77,107.36,104.7,105.22,103.22,106.42,102.65,104.36,108.02,102.52,102.19
105.08,110.55,111.37,108.61,120.41,105.91,108.99,110.03,107.89,9/1/2000,104.97,112.66,104.65,106.54,108.47,104.78,105.62,103.89,106.71,102.81,105.11,108.83,102.52,102.52
105.51,111.73,112.97,109.49,123.25,106.51,109.87,111.17,108.81,10/1/2000,105.33,113.47,105.06,107.38,109.63,105.42,105.82,104.68,106.98,103.03,106.1,109.79,102.86,103.2
106.28,113.1,114.77,110.57,126.44,108.19,111.09,112.5,109.98,11/1/2000,105.8,115.25,106.09,108.3,111.16,106.04,106.4,105.04,107.47,103.34,107.4,110.64,103.17,103.56
106.57,114.54,116.95,111.8,130.06,109.81,112.4,113.93,110.72,12/1/2000,106.01,116.96,106.68,109.13,111.73,106.58,107.29,105.52,108.15,104.11,108.66,111.84,103.0,104.22
107.24,115.51,118.84,113.05,133.04,110.9,113.79,115.43,112.03,1/1/2001,106.4,118.9,107.33,109.85,113.35,107.07,107.77,105.77,108.92,104.6,110.24,112.94,103.54,104.54
108.38,116.88,120.41,114.13,135.08,111.71,115.39,116.69,112.9,2/1/2001,106.88,120.14,107.51,110.51,114.5,107.43,107.91,106.17,109.52,104.85,111.07,114.25,103.87,104.85
109.08,117.24,121.56,115.09,134.94,112.41,116.84,117.73,114.18,3/1/2001,107.46,122.32,108.04,111.11,116.39,107.82,108.15,106.99,110.36,105.1,112.27,115.31,104.0,104.97
109.9,118.52,122.74,115.84,133.86,113.45,118.63,118.5,114.64,4/1/2001,108.08,123.36,108.39,111.65,117.28,108.36,109.03,107.95,111.29,105.42,113.53,116.36,103.87,104.78
110.06,119.25,123.18,116.3,132.66,113.76,119.26,118.95,115.26,5/1/2001,108.71,124.28,108.85,112.16,118.29,108.65,109.24,108.74,112.09,105.96,114.77,116.98,104.22,105.25
110.48,119.97,124.44,116.9,130.83,115.2,120.25,119.5,115.74,6/1/2001,109.02,124.52,109.14,112.8,119.68,109.31,109.74,109.51,113.22,106.59,115.91,118.08,104.32,105.68
110.42,120.39,125.6,117.5,129.28,116.16,121.08,120.1,116.38,7/1/2001,109.51,125.29,109.66,113.49,121.26,109.67,109.99,110.3,114.21,107.34,117.13,119.22,104.84,106.47
110.63,120.96,126.94,118.24,128.33,117.85,122.09,120.95,117.36,8/1/2001,109.86,125.87,110.41,114.17,122.12,110.19,110.55,110.97,115.25,108.02,118.29,120.59,104.63,106.98
110.52,121.51,128.15,119.03,128.18,118.13,123.1,121.95,118.34,9/1/2001,110.28,126.98,110.85,114.81,123.2,110.67,111.21,111.7,116.1,108.34,119.52,121.98,104.73,107.27
111.2,121.7,129.13,119.69,128.21,118.88,124.13,122.81,119.31,10/1/2001,110.75,128.15,111.1,115.31,124.09,111.05,111.6,112.08,116.52,108.53,121.09,123.09,104.53,107.0
111.45,121.64,130.18,120.27,127.68,119.54,125.04,123.62,120.3,11/1/2001,111.1,129.35,110.93,115.86,125.28,111.18,112.04,112.97,116.8,108.44,122.7,124.4,104.5,106.77
111.99,121.62,130.51,120.67,126.84,119.89,126.18,124.02,121.29,12/1/2001,111.65,129.99,111.25,116.45,125.97,111.3,112.07,113.52,117.09,108.41,123.77,124.57,104.61,106.38
112.54,122.1,131.35,121.36,126.84,120.4,127.24,124.83,122.71,1/1/2002,112.16,130.32,111.47,117.15,126.42,111.67,112.84,114.45,117.51,108.92,124.5,125.38,104.78,106.88
112.75,122.39,131.77,122.19,127.61,120.7,128.82,125.76,123.99,2/1/2002,112.79,131.73,112.16,117.85,126.98,112.28,113.26,115.0,118.12,109.53,125.43,126.1,105.26,107.42
113.24,123.1,132.97,123.33,129.56,122.96,130.15,127.04,125.46,3/1/2002,113.21,133.19,112.34,118.69,128.13,112.7,113.57,115.41,118.72,111.14,126.65,127.32,105.61,107.97
113.37,123.33,134.53,124.5,132.11,123.71,131.63,128.54,126.85,4/1/2002,113.68,135.65,112.32,119.62,129.01,112.78,113.53,115.4,119.63,111.06,128.09,128.69,106.16,108.36
113.47,124.01,136.68,125.93,134.75,124.95,133.29,130.34,128.69,5/1/2002,114.2,138.13,112.81,120.73,130.22,112.94,113.73,115.87,120.34,111.53,129.79,130.49,106.14,108.59
113.19,124.26,138.77,127.39,137.57,125.6,134.84,132.22,130.78,6/1/2002,114.68,140.54,113.38,121.81,131.2,113.25,114.05,116.34,121.05,111.3,131.57,132.5,106.21,109.15
113.18,124.68,140.54,128.88,139.37,126.85,137.0,134.1,132.86,7/1/2002,114.99,142.87,114.03,122.89,132.29,113.67,114.46,116.83,121.86,112.27,133.48,134.85,106.15,109.45
113.56,124.61,142.31,130.3,141.11,127.75,138.95,135.95,135.09,8/1/2002,115.29,145.71,114.55,123.83,133.28,114.02,114.76,117.27,122.64,112.02,134.91,137.0,106.73,109.48
113.74,124.67,144.2,131.53,141.85,128.57,140.8,137.6,137.24,9/1/2002,115.54,148.04,114.8,124.78,133.91,114.17,115.05,117.8,123.48,112.21,136.58,138.83,107.05,109.41
113.86,125.0,145.85,132.85,142.82,129.2,142.45,139.37,139.72,10/1/2002,115.81,150.59,114.88,125.73,135.26,114.6,115.43,119.16,124.35,112.33,138.27,140.8,107.31,109.58
113.85,125.55,147.41,134.1,143.63,130.26,143.86,141.01,141.82,11/1/2002,116.24,153.04,115.53,126.67,136.13,114.93,115.91,120.6,125.32,113.0,139.84,142.84,107.34,109.76
114.19,125.71,147.86,135.4,143.82,131.83,145.59,142.57,143.98,12/1/2002,116.71,155.2,115.61,127.62,137.91,115.26,116.63,122.01,126.37,113.8,141.71,144.91,107.71,110.25
114.71,125.62,148.52,136.47,143.74,133.27,146.68,143.86,145.75,1/1/2003,117.71,157.29,115.7,128.46,138.86,115.65,116.85,122.91,127.22,114.61,143.78,146.64,108.38,110.9
114.82,125.6,149.7,137.46,143.85,134.66,147.94,145.05,147.31,2/1/2003,118.61,158.5,115.35,129.36,140.04,115.96,117.48,123.75,128.21,115.4,145.87,147.94,108.75,111.7
113.96,126.11,150.97,138.39,143.96,135.52,148.72,146.14,148.88,3/1/2003,119.56,159.7,116.17,130.15,140.57,116.68,118.0,124.33,129.49,116.0,147.39,149.22,108.43,112.04
113.58,125.92,151.64,139.24,144.3,136.63,149.94,147.14,150.49,4/1/2003,119.9,161.1,117.12,130.89,141.56,116.61,118.47,125.29,129.78,116.39,148.7,150.34,107.99,112.59
113.63,125.78,151.88,140.15,144.37,138.12,151.37,148.19,152.29,5/1/2003,120.29,162.58,118.1,131.74,142.25,116.85,118.89,125.97,130.53,116.93,149.77,151.49,107.71,112.97
114.15,125.08,152.38,140.92,144.84,138.67,152.99,149.13,154.07,6/1/2003,120.67,164.2,117.84,132.65,142.59,116.82,119.36,126.94,131.02,117.67,150.72,152.25,108.04,113.36
114.35,125.17,152.89,142.12,146.17,139.35,154.71,150.64,157.02,7/1/2003,121.28,166.36,117.79,133.78,143.79,117.04,119.97,128.36,131.7,118.31,152.78,153.29,108.15,113.79
114.36,125.6,153.57,143.53,147.79,139.69,156.79,152.43,160.1,8/1/2003,122.1,169.43,117.83,134.97,144.77,117.32,121.02,130.44,132.2,118.88,155.05,154.49,108.67,114.41
114.39,125.83,154.61,145.26,149.64,141.86,159.25,154.65,163.58,9/1/2003,123.04,173.16,118.13,136.29,145.9,117.72,121.7,132.7,133.29,119.45,157.06,156.36,108.6,115.09
114.5,126.3,155.9,146.99,151.55,143.28,161.69,156.81,167.04,10/1/2003,123.9,177.15,118.8,137.53,146.96,118.03,122.83,135.7,134.45,120.34,159.09,157.98,109.96,115.73
114.63,126.79,157.68,148.82,153.73,144.88,164.16,159.17,170.75,11/1/2003,124.97,181.1,119.11,138.8,148.03,118.44,123.52,138.79,135.65,121.4,160.76,160.01,110.61,116.15
114.42,127.26,159.3,150.76,155.99,145.24,166.52,161.64,174.78,12/1/2003,126.25,185.04,119.44,140.18,148.74,118.69,124.83,143.08,137.04,122.38,162.61,161.89,111.2,116.4
114.93,128.08,160.57,152.63,157.85,148.01,169.53,164.01,178.78,1/1/2004,127.29,188.63,119.77,141.65,149.99,119.3,125.58,147.24,138.03,123.14,164.83,163.64,110.49,116.47
115.37,128.65,161.99,154.54,159.95,149.52,171.79,166.42,182.92,2/1/2004,128.4,192.67,120.01,143.21,151.25,119.57,126.58,151.63,138.76,123.92,167.05,165.45,110.71,116.85
114.5,129.25,163.25,156.96,162.22,152.68,174.68,169.5,188.79,3/1/2004,129.64,199.06,120.96,145.06,152.78,120.15,127.52,159.84,139.61,124.2,170.32,167.48,111.28,117.09
114.71,129.29,165.54,159.34,164.54,153.24,177.86,172.47,194.5,4/1/2004,130.93,204.93,121.39,146.6,154.52,120.87,128.6,167.51,140.17,125.68,173.1,169.16,112.09,118.01
115.15,129.31,166.18,161.75,166.8,155.37,182.0,175.54,199.74,5/1/2004,132.47,211.09,122.16,148.19,154.92,120.94,129.88,175.43,141.47,126.62,176.56,171.15,112.52,117.88
115.5,129.85,167.52,164.31,169.84,157.83,186.72,178.84,205.29,6/1/2004,133.93,216.73,121.81,149.85,156.22,120.89,131.09,185.0,142.31,127.51,179.84,173.35,112.62,117.92
115.78,129.97,168.14,166.39,172.06,159.93,189.88,181.53,209.3,7/1/2004,135.8,221.88,121.6,151.34,156.54,121.29,132.26,193.6,143.23,128.45,183.32,175.65,112.74,117.91
115.91,130.35,169.29,168.03,174.54,162.54,193.04,183.5,211.15,8/1/2004,137.56,225.13,121.6,152.64,157.31,121.72,133.12,199.4,143.85,129.63,186.69,177.28,112.52,118.07
115.94,130.51,170.16,169.65,177.02,165.06,196.11,185.52,212.71,9/1/2004,140.57,228.0,121.8,154.18,157.33,122.24,134.24,203.02,145.18,131.16,190.38,179.12,112.59,118.53
116.22,131.27,172.03,171.29,180.05,167.94,199.54,187.44,213.84,10/1/2004,143.8,230.27,122.11,155.75,158.17,122.73,135.24,205.26,146.17,132.72,193.55,181.12,113.05,118.63
116.46,131.87,173.05,173.08,183.28,170.59,203.15,189.49,215.98,11/1/2004,147.69,231.73,122.43,157.53,158.85,123.23,137.28,206.85,147.25,134.09,197.07,182.92,113.82,119.31
117.03,132.75,174.32,175.08,187.12,173.6,206.97,191.76,218.12,12/1/2004,152.15,234.28,122.69,159.33,159.66,123.95,139.11,208.17,148.59,135.21,200.88,184.59,114.76,119.79
117.56,133.4,175.74,177.55,191.63,177.26,210.8,194.63,221.52,1/1/2005,156.33,236.72,123.26,161.29,161.39,124.64,141.63,209.15,150.04,136.77,205.34,187.17,115.13,121.15
118.27,134.38,177.94,180.26,196.02,180.85,215.18,197.78,225.21,2/1/2005,161.66,239.04,123.95,163.37,162.67,125.44,143.04,211.7,151.83,138.28,210.05,189.79,115.65,121.9
118.94,134.66,179.47,183.28,200.48,185.3,221.05,201.33,229.76,3/1/2005,167.81,239.93,124.78,165.81,163.75,126.19,145.33,213.67,154.0,140.22,215.96,193.19,115.45,121.63
119.03,135.09,180.51,185.49,202.31,188.47,225.78,203.81,233.45,4/1/2005,174.64,241.3,125.56,167.51,165.18,127.01,146.78,216.19,154.6,142.1,222.34,195.21,115.48,121.88
119.28,135.13,180.72,187.55,204.83,192.03,229.74,206.08,237.12,5/1/2005,181.13,242.34,126.5,169.35,165.14,127.29,148.77,217.99,155.27,144.48,227.56,196.74,116.02,121.9
119.0,134.94,180.09,189.53,207.21,196.81,233.78,208.22,240.6,6/1/2005,188.95,243.66,125.87,171.19,165.4,127.82,150.79,219.45,156.06,147.57,233.96,198.2,116.99,121.61
119.38,134.97,180.01,191.38,209.22,201.09,236.73,210.28,244.26,7/1/2005,196.16,244.52,125.27,172.86,165.2,127.76,152.82,220.46,156.61,150.42,239.23,199.81,117.7,121.44
119.56,135.23,179.7,193.31,210.73,206.25,238.99,212.26,248.27,8/1/2005,203.0,245.51,124.67,174.45,165.32,127.92,155.11,222.02,156.56,153.41,244.93,201.49,118.51,121.42
120.34,135.9,180.15,195.62,212.69,211.65,241.38,214.97,252.83,9/1/2005,209.56,245.96,124.65,176.44,165.63,127.94,157.53,223.77,157.97,156.46,250.68,204.07,118.58,121.65
120.92,136.6,179.98,197.87,214.13,217.88,243.76,217.45,257.7,10/1/2005,213.6,247.71,125.12,178.02,166.9,128.85,159.83,225.57,159.15,159.07,255.87,206.67,119.92,121.98
122.1,137.21,180.81,200.13,215.51,222.58,246.21,219.93,261.58,11/1/2005,217.4,249.49,125.67,179.68,168.26,129.74,162.48,227.9,161.32,161.77,259.92,209.31,120.36,122.48
122.83,137.91,180.43,202.16,216.42,226.12,248.43,222.16,265.4,12/1/2005,220.17,249.83,126.33,180.91,169.3,130.7,164.82,229.86,162.68,164.22,263.95,212.04,121.56,122.87
123.44,138.8,180.6,203.77,217.42,229.56,250.28,223.93,268.33,1/1/2006,223.02,250.58,126.86,182.33,170.1,131.71,167.42,232.26,164.44,167.1,267.97,213.5,121.02,123.39
123.49,139.32,179.55,205.37,218.83,232.3,252.02,225.64,271.24,2/1/2006,225.27,251.41,127.29,183.33,171.46,132.34,169.48,234.44,165.92,169.68,272.04,215.05,122.14,123.32
123.48,139.35,180.06,206.35,219.32,236.05,252.9,226.56,272.1,3/1/2006,226.53,251.72,127.89,184.37,172.25,132.66,171.8,235.24,168.03,172.62,275.09,215.72,122.81,122.98
123.22,138.82,179.39,206.61,218.82,237.99,252.32,226.87,273.11,4/1/2006,227.79,251.34,126.05,184.34,173.88,132.96,173.1,235.75,167.62,174.06,278.15,216.53,124.15,122.34
123.09,138.73,178.33,206.49,218.06,239.04,251.2,226.64,272.96,5/1/2006,228.06,249.67,125.36,184.17,172.79,133.03,174.69,235.4,167.72,175.36,279.7,216.62,124.58,121.86
123.24,138.45,176.5,205.81,216.57,237.99,249.33,225.69,272.23,6/1/2006,227.53,247.92,123.76,183.52,171.42,133.1,176.54,233.7,167.12,176.72,279.21,216.2,125.29,121.94
123.56,138.34,175.6,204.93,214.86,236.94,246.96,224.56,271.49,7/1/2006,226.09,246.02,122.62,183.08,169.25,133.14,178.26,233.06,166.55,177.74,278.47,215.05,126.33,121.85
123.72,137.8,174.92,204.02,214.33,235.11,244.41,223.19,270.54,8/1/2006,224.49,244.13,121.58,182.61,168.41,133.07,179.77,232.4,166.02,178.88,276.02,213.08,127.04,121.22
123.65,137.61,173.85,203.57,213.55,234.04,241.73,222.83,270.43,9/1/2006,222.91,243.38,120.62,182.8,167.46,133.03,181.03,231.86,166.46,179.5,276.29,213.01,127.79,120.49
123.68,137.35,173.69,203.52,213.36,232.37,241.77,222.76,270.94,10/1/2006,221.67,242.08,120.34,183.2,167.44,133.7,182.09,231.29,166.47,179.86,277.5,213.0,128.06,120.15
123.82,137.3,171.9,203.62,213.24,231.32,241.52,222.85,271.78,11/1/2006,221.02,241.36,119.83,183.61,167.37,134.07,183.4,231.42,166.49,180.35,278.76,213.14,129.11,119.94
124.5,137.63,171.28,203.45,213.17,230.31,241.42,222.53,270.28,12/1/2006,220.68,239.27,118.63,184.15,167.62,134.64,184.73,231.7,167.01,180.43,279.71,213.24,129.81,119.76
124.5,137.58,170.55,203.73,214.64,229.82,241.43,222.82,271.0,1/1/2007,221.46,240.15,118.14,184.54,168.69,134.98,186.39,231.92,168.25,181.9,278.94,212.9,130.77,120.13
125.25,137.5,171.27,204.07,214.91,230.46,241.81,222.97,270.11,2/1/2007,220.92,238.94,117.86,184.69,169.61,135.61,188.03,231.85,169.48,183.09,279.79,213.3,131.32,120.34
125.46,137.0,171.87,204.29,215.36,229.67,241.57,223.03,268.8,3/1/2007,220.21,236.73,118.62,184.19,170.01,135.89,189.55,231.25,171.3,185.15,278.61,214.26,132.11,120.45
125.66,136.56,171.74,202.83,213.53,226.74,238.62,221.36,266.49,4/1/2007,218.17,234.66,116.7,183.03,170.03,136.14,189.99,228.69,168.8,185.44,276.16,213.74,132.9,119.24
125.24,136.78,170.94,201.0,210.82,223.13,235.86,219.28,264.26,5/1/2007,215.57,232.37,114.07,181.64,167.43,135.42,190.53,226.03,167.4,185.38,270.96,211.88,133.21,118.46
124.94,136.82,169.71,198.84,207.99,219.48,232.45,216.8,261.33,6/1/2007,212.64,229.91,111.47,180.27,164.78,134.9,190.38,222.18,165.91,184.63,266.1,209.71,133.64,117.14
124.15,136.96,169.22,196.84,205.45,215.49,229.18,214.44,258.48,7/1/2007,209.39,226.68,111.06,179.12,162.8,134.08,190.18,219.12,164.65,184.21,260.11,207.79,133.67,116.74
123.99,136.81,167.98,194.79,204.54,210.62,226.41,211.87,254.77,8/1/2007,206.31,223.6,109.73,178.13,161.3,133.55,189.58,214.88,162.92,183.46,253.95,205.36,133.85,115.78
123.72,136.19,168.04,193.1,203.07,207.37,225.9,210.09,251.29,9/1/2007,203.03,219.8,108.5,177.56,159.9,133.03,189.15,211.04,161.41,183.24,248.33,204.78,133.66,115.45
123.47,134.72,167.35,190.94,199.64,204.75,225.41,207.62,246.96,10/1/2007,198.0,215.35,106.54,176.63,158.46,132.66,187.85,206.31,160.27,183.14,243.01,203.93,133.48,114.61
122.4,133.0,166.93,187.86,194.65,202.06,222.98,204.11,239.1,11/1/2007,192.4,209.02,104.14,175.15,156.45,131.34,186.43,200.73,159.58,182.53,236.39,203.28,132.9,112.87
121.78,131.58,165.5,185.05,189.99,199.8,219.21,200.75,233.07,12/1/2007,186.86,203.4,102.42,174.36,154.44,130.42,185.72,195.88,159.39,182.61,230.6,201.71,132.99,112.3
120.56,130.91,164.74,182.1,186.63,195.92,215.68,197.52,226.29,1/1/2008,181.18,199.92,100.34,173.17,151.99,129.71,184.45,186.85,157.5,181.07,225.01,200.8,133.23,110.13
120.45,130.4,163.5,178.53,178.89,190.82,211.67,193.14,217.75,2/1/2008,175.13,193.21,98.62,171.72,149.09,128.72,183.57,178.65,155.96,179.69,219.16,199.44,133.5,109.68
121.49,130.39,162.28,175.6,172.67,185.3,207.84,189.57,210.67,3/1/2008,169.77,188.25,97.96,170.13,147.04,127.56,181.78,171.2,155.28,178.11,210.8,198.85,133.3,109.45
121.47,130.19,161.1,172.38,166.73,180.96,203.82,185.88,205.19,4/1/2008,163.92,182.19,96.31,168.36,144.84,125.63,180.79,167.26,154.03,177.01,202.99,197.31,132.81,111.27
121.29,130.11,160.59,169.51,162.61,178.12,199.88,182.55,199.45,5/1/2008,158.53,178.5,94.74,166.72,143.39,124.65,178.43,162.18,152.08,175.64,194.51,195.84,132.88,108.97
120.75,130.19,160.55,167.17,158.53,174.99,196.17,179.98,195.14,6/1/2008,153.21,174.35,93.35,165.04,141.84,123.09,176.62,159.23,149.89,173.87,190.77,194.84,131.92,108.29
120.82,130.23,159.66,164.38,154.02,173.16,192.59,176.75,190.67,7/1/2008,147.98,169.87,92.28,163.58,140.79,121.91,174.2,154.28,147.57,171.74,186.2,192.61,131.15,107.2
120.52,129.58,159.47,162.01,148.17,171.74,190.43,173.95,186.55,8/1/2008,142.96,165.74,90.4,162.01,138.47,121.05,172.53,149.69,145.87,169.25,181.99,191.06,129.95,107.7
120.31,128.71,158.2,159.08,142.76,168.58,186.79,170.73,181.83,9/1/2008,138.23,161.88,87.77,160.32,136.48,120.05,170.29,145.34,144.22,167.29,177.41,189.46,128.88,107.99
119.65,127.65,157.36,156.24,137.55,164.04,182.83,167.74,178.02,10/1/2008,133.37,157.88,84.53,158.33,132.5,118.67,168.48,141.08,142.27,164.55,172.4,187.79,127.51,107.55
118.34,127.29,154.8,153.6,134.62,159.88,179.51,164.99,174.84,11/1/2008,129.14,155.06,82.48,156.14,130.52,116.66,165.5,137.12,139.45,161.61,168.45,185.49,125.86,107.05
116.56,126.45,153.93,150.67,130.61,156.0,176.32,162.2,171.39,12/1/2008,123.4,152.82,80.2,153.63,125.21,113.95,161.03,131.14,136.71,158.6,164.26,183.3,123.5,105.57
114.75,124.42,152.7,147.66,126.62,150.6,174.19,159.29,167.97,1/1/2009,117.93,150.16,77.64,151.56,121.39,111.48,157.13,126.04,132.13,155.94,158.78,181.57,122.57,104.72
115.02,123.35,151.86,145.58,124.04,147.55,171.44,157.07,165.53,2/1/2009,113.58,149.17,75.41,150.3,119.44,109.45,155.84,121.99,129.39,154.12,154.77,179.36,121.26,100.65
114.84,123.37,149.76,143.27,121.27,144.23,170.12,154.77,163.86,3/1/2009,108.76,146.86,73.18,148.78,113.87,108.19,152.35,117.81,127.47,151.16,150.5,176.27,121.06,99.92
115.34,123.74,149.05,141.56,120.19,142.52,169.71,152.88,161.67,4/1/2009,106.13,145.73,72.3,147.98,113.51,107.37,150.55,113.46,126.05,148.9,148.02,173.53,119.62,99.68
116.1,124.02,149.18,140.79,119.91,141.04,170.06,152.08,159.86,5/1/2009,104.26,145.39,71.83,147.77,112.66,106.17,148.57,110.31,125.89,146.99,145.69,172.88,119.49,102.14
117.81,125.29,150.84,141.29,123.39,140.43,171.76,152.74,160.31,6/1/2009,104.63,146.47,69.91,148.1,113.76,105.86,147.87,107.61,124.52,147.35,145.94,172.26,119.06,104.74
118.67,126.27,151.33,142.21,126.1,140.83,173.46,153.85,162.19,7/1/2009,105.77,148.88,69.29,148.38,116.55,107.01,147.11,105.9,125.96,147.64,146.31,172.36,119.25,105.5
118.88,126.97,152.32,143.35,129.19,140.83,175.69,155.17,164.14,8/1/2009,107.02,151.01,69.64,148.27,119.2,107.82,146.94,104.96,126.49,147.84,147.26,172.3,118.63,104.34
118.86,127.22,152.74,143.99,131.4,140.14,177.28,155.99,165.47,9/1/2009,108.09,152.67,70.56,148.01,121.09,108.61,146.59,103.82,128.12,147.49,148.3,172.12,118.39,103.9
119.05,127.52,153.04,144.7,133.93,139.06,178.0,156.77,166.81,10/1/2009,109.35,154.11,71.35,147.84,121.48,109.13,147.51,103.5,127.43,148.05,148.27,172.35,118.55,103.88
120.18,127.93,154.0,145.37,135.99,139.03,178.48,157.47,168.79,11/1/2009,110.86,155.64,71.54,148.13,122.03,109.75,147.87,103.54,127.62,149.48,148.16,171.73,118.94,104.46
120.12,128.01,154.72,146.15,136.95,139.13,179.71,158.39,171.51,12/1/2009,112.1,156.88,72.0,147.95,122.65,109.82,148.5,104.15,127.04,150.16,148.11,171.94,118.95,104.37
119.61,127.86,155.03,146.87,138.43,139.76,179.98,159.43,174.55,1/1/2010,112.62,159.08,72.08,147.42,123.76,109.35,148.0,104.05,126.74,149.59,148.33,172.37,118.83,105.3
118.2,128.03,154.71,146.88,139.5,139.02,180.5,159.76,174.55,2/1/2010,111.72,160.57,71.49,146.01,123.34,108.87,147.56,104.12,126.22,147.02,148.35,172.51,118.27,104.71
118.4,128.46,155.79,147.01,141.36,139.33,180.31,160.04,173.88,3/1/2010,111.33,162.86,70.26,145.96,122.32,107.26,147.16,103.69,125.36,147.15,148.18,172.44,116.37,106.78
119.25,129.09,156.49,147.15,141.87,139.13,182.27,160.12,174.26,4/1/2010,111.66,162.8,70.51,146.4,125.08,107.75,146.39,103.78,124.64,148.45,147.41,172.15,116.92,106.48
119.4,128.32,156.47,147.25,141.5,138.86,183.08,160.29,175.23,5/1/2010,111.58,163.37,70.23,146.39,125.95,107.88,146.19,103.11,124.23,147.92,147.37,172.35,116.05,105.79
118.97,127.4,155.71,147.04,140.61,137.71,183.93,160.19,174.8,6/1/2010,110.71,162.84,70.31,145.62,125.62,107.46,144.91,102.01,124.11,147.49,147.22,172.58,115.74,105.36
118.03,126.13,155.16,146.31,139.75,135.93,183.55,159.64,174.16,7/1/2010,109.3,162.7,69.98,144.82,123.32,106.43,144.34,100.72,123.16,145.69,146.45,172.88,115.08,104.67
116.75,125.53,154.33,145.33,138.98,134.68,182.65,158.67,172.76,8/1/2010,107.49,161.45,69.27,143.77,122.11,105.16,143.13,100.2,121.96,144.24,145.51,171.79,114.46,103.79
115.73,125.19,153.23,144.39,138.58,134.12,182.46,157.89,172.63,9/1/2010,106.1,160.29,68.19,142.89,119.48,103.71,142.68,100.27,120.38,142.01,144.12,171.17,113.99,101.96
115.42,125.27,152.83,143.45,137.02,133.81,182.83,156.94,172.43,10/1/2010,104.87,158.64,67.61,142.44,118.28,102.48,141.54,99.87,118.93,140.32,143.33,169.18,113.6,101.19
115.21,124.7,152.93,143.12,136.78,133.18,183.29,156.78,172.52,11/1/2010,103.98,159.63,67.25,142.12,117.03,101.5,140.98,100.02,118.14,139.17,143.14,168.68,113.81,99.84
115.97,124.99,153.55,142.85,136.72,131.24,184.02,156.47,171.36,12/1/2010,102.94,159.55,67.67,142.06,116.62,101.44,139.84,99.3,117.95,138.58,142.82,168.26,113.58,100.87
116.31,124.98,154.29,142.54,136.53,130.69,184.33,156.14,171.59,1/1/2011,102.39,159.34,67.99,141.63,114.75,102.72,138.38,99.43,117.65,138.18,141.55,167.24,113.01,101.16
116.71,124.77,153.28,142.06,135.15,130.25,184.29,155.61,171.17,2/1/2011,102.28,157.77,68.55,140.89,113.23,104.1,136.93,99.02,117.2,136.97,139.53,166.78,112.34,101.72
115.19,123.49,151.73,141.38,134.39,129.47,182.74,154.87,171.04,3/1/2011,101.79,156.48,67.99,140.17,110.59,104.04,136.27,98.21,116.33,135.98,139.35,165.83,110.45,100.25
114.25,123.72,149.88,140.96,133.86,128.19,181.21,154.5,170.47,4/1/2011,101.58,155.76,67.27,140.05,110.97,103.81,136.36,97.33,114.29,134.85,139.15,167.39,111.09,99.62
113.68,123.85,151.31,140.49,133.38,127.37,180.8,154.03,169.34,5/1/2011,100.73,154.88,67.55,139.89,111.25,102.59,135.72,96.24,114.14,134.41,139.4,166.98,111.48,98.96
113.88,124.18,152.31,140.37,132.63,127.35,180.62,153.79,168.58,6/1/2011,100.27,154.03,69.57,139.69,111.91,101.8,135.4,95.8,114.59,133.25,139.43,166.33,112.07,98.73
114.22,123.44,151.94,140.13,131.73,127.1,181.4,153.49,167.83,7/1/2011,99.58,153.05,71.21,139.47,112.43,100.77,134.69,95.23,114.46,133.22,139.41,167.03,111.65,99.03
114.59,123.59,151.42,139.71,131.44,126.62,181.44,153.04,166.6,8/1/2011,99.27,152.54,71.12,139.09,111.93,98.24,134.28,94.36,114.38,133.18,138.69,166.52,111.29,98.88
114.77,123.53,151.3,139.1,130.46,125.17,182.42,152.46,165.39,9/1/2011,99.33,151.73,71.56,138.49,111.84,93.52,133.29,92.97,113.93,133.84,138.37,166.37,111.48,98.92
114.87,124.16,151.34,138.36,130.79,125.67,180.89,151.65,163.99,10/1/2011,99.66,151.54,70.96,137.84,111.54,90.58,132.86,91.42,113.15,133.6,137.68,164.91,111.15,98.85
114.45,124.53,150.62,137.7,129.49,125.23,180.83,150.85,163.39,11/1/2011,100.46,151.03,70.88,137.11,111.81,89.73,132.19,90.98,111.32,132.64,137.04,164.1,110.58,98.82
114.48,124.58,149.63,137.22,129.54,125.92,179.63,150.18,162.74,12/1/2011,101.95,150.93,70.19,136.75,111.75,88.72,132.29,90.63,110.5,133.31,137.64,162.91,110.24,98.55
114.85,125.15,150.06,137.12,128.72,125.86,180.13,149.9,162.51,1/1/2012,103.76,151.09,70.81,136.85,112.85,87.6,133.08,90.43,109.99,132.48,139.11,162.22,110.11,97.5
115.58,125.33,149.77,137.14,129.97,126.64,178.92,150.0,162.55,2/1/2012,105.59,151.77,70.97,137.29,114.28,86.31,133.21,90.62,109.28,132.98,140.91,161.44,110.78,97.3
116.84,126.53,150.29,137.82,130.36,127.84,181.41,150.42,162.85,3/1/2012,107.83,152.28,71.3,138.3,114.57,85.74,134.5,90.78,108.38,132.17,142.97,161.06,111.63,97.7
117.33,127.18,149.87,138.41,131.84,129.28,183.61,151.03,164.18,4/1/2012,110.06,152.9,70.92,139.36,115.48,86.07,135.04,91.63,108.02,133.53,143.33,161.44,112.31,98.46
117.94,128.25,150.9,139.67,133.89,130.48,185.85,152.29,165.8,5/1/2012,112.11,153.03,73.16,140.18,116.18,87.55,136.33,93.11,110.6,134.95,143.94,161.99,112.5,99.47
118.05,129.21,152.24,141.03,136.31,131.48,186.99,153.65,167.3,6/1/2012,114.06,153.6,75.05,140.8,118.14,89.3,137.59,93.98,112.36,137.11,145.31,162.62,112.97,99.92
118.43,130.14,153.24,141.62,137.84,131.71,187.27,154.17,168.43,7/1/2012,116.09,154.34,76.01,141.29,119.69,90.54,138.54,94.24,112.97,137.36,146.61,162.44,113.56,99.64
118.82,130.54,153.97,142.37,138.41,131.83,187.63,154.88,170.13,8/1/2012,117.99,155.44,76.7,141.94,120.16,92.12,138.67,95.15,112.18,137.89,147.87,162.59,114.38,100.08
119.84,131.87,154.07,143.23,140.26,132.51,187.81,155.66,172.08,9/1/2012,119.67,158.04,77.26,142.68,121.46,93.59,139.64,96.53,112.01,138.65,148.74,162.59,114.47,100.31
120.25,132.78,153.83,144.31,142.64,133.07,188.26,156.76,174.25,10/1/2012,121.48,160.66,78.68,143.51,121.9,95.02,140.51,99.18,111.69,140.44,149.52,162.68,114.8,100.83
121.17,134.27,154.04,145.43,146.14,133.9,188.8,157.82,176.18,11/1/2012,123.54,163.19,79.69,144.66,123.77,96.69,142.18,100.17,112.43,141.59,150.87,162.14,115.38,100.82
121.9,135.25,155.04,146.92,148.31,135.1,190.21,159.4,179.51,12/1/2012,125.58,164.87,80.95,145.79,125.42,97.65,143.37,102.44,113.15,142.01,152.44,162.61,116.33,101.62
122.88,136.54,156.2,148.36,151.49,137.47,191.03,160.82,182.28,1/1/2013,127.86,166.01,82.04,147.35,127.13,99.5,144.73,104.28,113.9,143.68,154.21,163.02,117.41,102.09
123.74,137.75,157.7,149.96,154.76,139.41,191.31,162.97,185.68,2/1/2013,129.89,167.27,82.1,148.83,128.79,100.71,145.76,106.44,115.16,145.56,155.67,164.29,118.21,102.75
124.69,138.8,160.27,152.62,159.29,142.82,195.36,165.51,189.95,3/1/2013,131.89,170.77,85.14,150.58,128.87,102.12,148.78,109.43,116.93,149.03,158.3,164.11,120.0,103.11
125.92,139.73,161.96,154.88,163.23,143.81,196.78,168.13,194.75,4/1/2013,133.49,175.31,86.4,151.85,132.27,103.85,150.35,112.01,118.25,150.66,161.68,165.61,120.92,103.51
126.85,140.64,162.07,156.45,166.39,144.6,197.73,169.94,197.4,5/1/2013,135.07,179.44,88.15,152.83,132.32,104.99,152.45,114.72,119.92,151.73,164.21,166.48,121.32,103.38
127.6,141.39,162.44,157.84,169.35,146.02,197.58,171.58,200.4,6/1/2013,136.51,183.07,88.25,153.79,131.62,106.12,153.73,117.22,120.34,153.16,166.54,167.13,121.67,103.72
128.5,142.76,162.84,158.98,171.95,148.2,198.49,172.88,203.4,7/1/2013,138.04,185.82,88.74,155.0,131.03,107.15,155.69,120.07,121.6,154.11,166.57,167.51,121.8,103.57
129.57,143.79,163.69,160.57,173.62,150.41,199.38,174.56,206.99,8/1/2013,140.02,188.9,89.26,156.4,132.32,109.06,156.9,122.92,121.84,155.85,167.85,168.25,122.69,103.57
130.7,144.99,165.59,162.22,176.38,151.8,200.98,176.26,209.58,9/1/2013,142.03,191.06,90.54,157.88,133.67,111.07,158.08,124.66,122.81,157.34,170.04,169.27,123.28,104.89
131.92,145.42,167.06,163.97,177.8,153.32,202.32,178.14,212.71,10/1/2013,143.51,192.33,92.26,159.14,135.83,113.08,158.99,126.05,123.9,158.16,173.2,170.67,124.5,105.02
133.27,146.21,169.17,165.43,180.23,155.01,203.65,179.76,214.41,11/1/2013,144.26,193.66,93.46,160.28,136.78,114.64,159.86,127.57,124.96,159.38,175.85,171.95,124.79,105.71
134.38,147.49,170.06,166.66,181.93,156.55,205.76,181.05,216.07,12/1/2013,144.87,194.5,94.45,161.57,137.63,115.45,161.27,128.62,126.0,160.73,177.77,172.73,125.47,105.15
135.24,148.77,170.5,168.0,186.63,158.02,207.29,182.55,216.73,1/1/2014,145.53,198.3,94.9,162.86,139.06,116.19,161.99,130.26,126.32,162.79,179.76,173.96,125.94,106.18
136.3,150.31,171.14,169.29,189.98,158.14,208.67,184.43,219.67,2/1/2014,146.08,200.61,94.84,164.04,140.57,116.99,164.51,131.1,127.66,164.95,180.63,174.37,126.11,105.83
137.13,151.39,173.23,171.48,193.1,158.06,211.72,186.37,221.96,3/1/2014,146.4,202.93,98.31,164.12,143.45,118.24,166.01,132.47,130.64,166.47,183.84,174.79,125.95,107.07
137.65,152.14,176.54,171.59,193.16,158.28,210.28,186.35,221.98,4/1/2014,146.38,202.23,99.12,163.96,144.29,117.93,167.16,133.01,130.99,167.45,185.22,174.65,126.19,106.41
137.7,152.2,175.48,171.02,192.26,159.19,208.99,185.8,221.6,5/1/2014,146.06,201.88,98.63,163.65,143.33,116.59,166.62,134.0,130.09,166.89,185.63,174.27,126.88,105.83
137.83,152.28,173.85,170.53,191.56,159.16,207.82,185.42,221.52,6/1/2014,145.99,201.48,97.26,163.44,140.45,115.13,166.88,134.99,128.4,167.11,185.58,174.13,126.18,104.61
138.05,152.3,172.22,169.67,189.62,158.91,206.14,184.5,221.62,7/1/2014,145.97,201.22,96.17,163.69,138.17,114.28,166.74,135.39,126.37,166.63,184.88,173.9,126.27,104.51
